timestamp,price
2025-01-01 10:00:00,124.35667
2025-01-01 11:00:00,109.7075
2025-01-01 12:00:00,104.36167
2025-01-01 13:00:00,103.73833
2025-01-01 14:00:00,102.45
2025-01-01 15:00:00,90.5325
2025-01-01 16:00:00,0.6625
2025-01-01 17:00:00,-28.304167
2025-01-01 18:00:00,-15.328333
2025-01-01 19:00:00,-32.999167
2025-01-01 20:00:00,-34.048333
2025-01-01 21:00:00,-31.9475
2025-01-01 22:00:00,-4.3916667
2025-01-01 23:00:00,40.989167
2025-01-02 00:00:00,79.0575
2025-01-02 01:00:00,90.3325
2025-01-02 02:00:00,110.86583
2025-01-02 03:00:00,105.15917
2025-01-02 04:00:00,144.90333
2025-01-02 05:00:00,110.42083
2025-01-02 06:00:00,79.96
2025-01-02 07:00:00,85.99
2025-01-02 08:00:00,210.5425
2025-01-02 09:00:00,96.150833
2025-01-02 10:00:00,82.338333
2025-01-02 11:00:00,78.295
2025-01-02 12:00:00,75.983333
2025-01-02 13:00:00,76.0
2025-01-02 14:00:00,74.848333
2025-01-02 15:00:00,66.856667
2025-01-02 16:00:00,20.4225
2025-01-02 17:00:00,71.595
2025-01-02 18:00:00,61.751667
2025-01-02 19:00:00,37.9575
2025-01-02 20:00:00,56.2075
2025-01-02 21:00:00,0.1125
2025-01-02 22:00:00,-34.079167
2025-01-02 23:00:00,24.606667
2025-01-03 00:00:00,35.715833
2025-01-03 01:00:00,44.295
2025-01-03 02:00:00,65.724167
2025-01-03 03:00:00,64.04
2025-01-03 04:00:00,72.425833
2025-01-03 05:00:00,82.994167
2025-01-03 06:00:00,75.046667
2025-01-03 07:00:00,79.629167
2025-01-03 08:00:00,80.773333
2025-01-03 09:00:00,86.396667
2025-01-03 10:00:00,81.514167
2025-01-03 11:00:00,76.793333
2025-01-03 12:00:00,77.566667
2025-01-03 13:00:00,78.211667
2025-01-03 14:00:00,78.495
2025-01-03 15:00:00,70.634167
2025-01-03 16:00:00,-3.3116667
2025-01-03 17:00:00,-9.0366667
2025-01-03 18:00:00,63.155833
2025-01-03 19:00:00,99.971667
2025-01-03 20:00:00,23.8425
2025-01-03 21:00:00,-34.964167
2025-01-03 22:00:00,-29.769167
2025-01-03 23:00:00,-25.3275
2025-01-04 00:00:00,-22.370833
2025-01-04 01:00:00,-27.503333
2025-01-04 02:00:00,1.0125
2025-01-04 03:00:00,95.5475
2025-01-04 04:00:00,174.2175
2025-01-04 05:00:00,193.0
2025-01-04 06:00:00,133.4575
2025-01-04 07:00:00,115.1775
2025-01-04 08:00:00,113.59667
2025-01-04 09:00:00,98.315833
2025-01-04 10:00:00,92.735
2025-01-04 11:00:00,88.52
2025-01-04 12:00:00,88.670833
2025-01-04 13:00:00,89.735833
2025-01-04 14:00:00,96.853333
2025-01-04 15:00:00,78.008333
2025-01-04 16:00:00,-18.38
2025-01-04 17:00:00,-25.535
2025-01-04 18:00:00,-30.819167
2025-01-04 19:00:00,-34.120833
2025-01-04 20:00:00,-35.379167
2025-01-04 21:00:00,-26.9025
2025-01-04 22:00:00,12.3275
2025-01-04 23:00:00,41.716667
2025-01-05 00:00:00,32.323333
2025-01-05 01:00:00,87.506667
2025-01-05 02:00:00,82.41
2025-01-05 03:00:00,90.024167
2025-01-05 04:00:00,143.69333
2025-01-05 05:00:00,154.41833
2025-01-05 06:00:00,143.31667
2025-01-05 07:00:00,127.35333
2025-01-05 08:00:00,121.86333
2025-01-05 09:00:00,93.973333
2025-01-05 10:00:00,88.575833
2025-01-05 11:00:00,93.340833
2025-01-05 12:00:00,91.493333
2025-01-05 13:00:00,92.846667
2025-01-05 14:00:00,90.046667
2025-01-05 15:00:00,75.8425
2025-01-05 16:00:00,29.938333
2025-01-05 17:00:00,26.235
2025-01-05 18:00:00,8.1958333
2025-01-05 19:00:00,-38.489167
2025-01-05 20:00:00,-40.51
2025-01-05 21:00:00,-16.758333
2025-01-05 22:00:00,46.4925
2025-01-05 23:00:00,76.390833
2025-01-06 00:00:00,116.59583
2025-01-06 01:00:00,82.855
2025-01-06 02:00:00,66.815
2025-01-06 03:00:00,103.25583
2025-01-06 04:00:00,141.57833
2025-01-06 05:00:00,169.18417
2025-01-06 06:00:00,143.57917
2025-01-06 07:00:00,119.53417
2025-01-06 08:00:00,127.21667
2025-01-06 09:00:00,94.639167
2025-01-06 10:00:00,82.405833
2025-01-06 11:00:00,86.8425
2025-01-06 12:00:00,89.771667
2025-01-06 13:00:00,102.65917
2025-01-06 14:00:00,95.8175
2025-01-06 15:00:00,93.1525
2025-01-06 16:00:00,63.46
2025-01-06 17:00:00,71.431667
2025-01-06 18:00:00,82.606667
2025-01-06 19:00:00,78.625833
2025-01-06 20:00:00,33.711667
2025-01-06 21:00:00,39.444167
2025-01-06 22:00:00,63.319167
2025-01-06 23:00:00,52.753333
2025-01-07 00:00:00,61.556667
2025-01-07 01:00:00,176.40583
2025-01-07 02:00:00,66.753333
2025-01-07 03:00:00,123.62917
2025-01-07 04:00:00,136.245
2025-01-07 05:00:00,139.3275
2025-01-07 06:00:00,110.85
2025-01-07 07:00:00,85.410833
2025-01-07 08:00:00,84.815833
2025-01-07 09:00:00,77.534167
2025-01-07 10:00:00,83.680833
2025-01-07 11:00:00,84.5575
2025-01-07 12:00:00,85.969167
2025-01-07 13:00:00,84.209167
2025-01-07 14:00:00,76.0875
2025-01-07 15:00:00,78.463333
2025-01-07 16:00:00,58.106667
2025-01-07 17:00:00,71.413333
2025-01-07 18:00:00,75.348333
2025-01-07 19:00:00,63.7975
2025-01-07 20:00:00,120.1875
2025-01-07 21:00:00,64.720833
2025-01-07 22:00:00,72.289167
2025-01-07 23:00:00,5.2116667
2025-01-08 00:00:00,10.770833
2025-01-08 01:00:00,62.795833
2025-01-08 02:00:00,12.478333
2025-01-08 03:00:00,60.804167
2025-01-08 04:00:00,80.745833
2025-01-08 05:00:00,68.689167
2025-01-08 06:00:00,68.298333
2025-01-08 07:00:00,68.605
2025-01-08 08:00:00,68.404167
2025-01-08 09:00:00,72.671667
2025-01-08 10:00:00,75.545833
2025-01-08 11:00:00,70.940833
2025-01-08 12:00:00,56.1275
2025-01-08 13:00:00,61.88
2025-01-08 14:00:00,76.415833
2025-01-08 15:00:00,71.4975
2025-01-08 16:00:00,19.36
2025-01-08 17:00:00,49.468333
2025-01-08 18:00:00,48.6925
2025-01-08 19:00:00,46.836667
2025-01-08 20:00:00,49.29
2025-01-08 21:00:00,45.4625
2025-01-08 22:00:00,36.568333
2025-01-08 23:00:00,38.828333
2025-01-09 00:00:00,25.980833
2025-01-09 01:00:00,1.0066667
2025-01-09 02:00:00,24.8025
2025-01-09 03:00:00,64.585
2025-01-09 04:00:00,111.56
2025-01-09 05:00:00,114.71833
2025-01-09 06:00:00,89.189167
2025-01-09 07:00:00,76.930833
2025-01-09 08:00:00,75.784167
2025-01-09 09:00:00,78.508333
2025-01-09 10:00:00,80.145
2025-01-09 11:00:00,79.2825
2025-01-09 12:00:00,84.923333
2025-01-09 13:00:00,94.743333
2025-01-09 14:00:00,97.081667
2025-01-09 15:00:00,104.32833
2025-01-09 16:00:00,15.681667
2025-01-09 17:00:00,21.116667
2025-01-09 18:00:00,35.3175
2025-01-09 19:00:00,41.376667
2025-01-09 20:00:00,32.596667
2025-01-09 21:00:00,49.5425
2025-01-09 22:00:00,94.035
2025-01-09 23:00:00,50.2525
2025-01-10 00:00:00,65.861667
2025-01-10 01:00:00,83.800833
2025-01-10 02:00:00,138.57333
2025-01-10 03:00:00,145.28833
2025-01-10 04:00:00,190.10333
2025-01-10 05:00:00,223.14667
2025-01-10 06:00:00,125.72833
2025-01-10 07:00:00,132.43417
2025-01-10 08:00:00,131.89667
2025-01-10 09:00:00,114.8775
2025-01-10 10:00:00,104.245
2025-01-10 11:00:00,103.63583
2025-01-10 12:00:00,101.11
2025-01-10 13:00:00,101.39083
2025-01-10 14:00:00,129.24083
2025-01-10 15:00:00,171.84083
2025-01-10 16:00:00,91.459167
2025-01-10 17:00:00,79.5425
2025-01-10 18:00:00,74.281667
2025-01-10 19:00:00,64.85
2025-01-10 20:00:00,65.1725
2025-01-10 21:00:00,62.385
2025-01-10 22:00:00,62.191667
2025-01-10 23:00:00,2.37
2025-01-11 00:00:00,73.956667
2025-01-11 01:00:00,66.413333
2025-01-11 02:00:00,72.380833
2025-01-11 03:00:00,99.8125
2025-01-11 04:00:00,150.34167
2025-01-11 05:00:00,170.385
2025-01-11 06:00:00,130.745
2025-01-11 07:00:00,130.14417
2025-01-11 08:00:00,110.91
2025-01-11 09:00:00,106.7225
2025-01-11 10:00:00,109.49417
2025-01-11 11:00:00,113.64417
2025-01-11 12:00:00,132.5075
2025-01-11 13:00:00,151.41583
2025-01-11 14:00:00,144.00667
2025-01-11 15:00:00,115.27
2025-01-11 16:00:00,67.945833
2025-01-11 17:00:00,65.2625
2025-01-11 18:00:00,76.558333
2025-01-11 19:00:00,53.115833
2025-01-11 20:00:00,43.283333
2025-01-11 21:00:00,25.1575
2025-01-11 22:00:00,51.878333
2025-01-11 23:00:00,42.5775
2025-01-12 00:00:00,42.215
2025-01-12 01:00:00,42.7775
2025-01-12 02:00:00,90.69
2025-01-12 03:00:00,107.0275
2025-01-12 04:00:00,127.31
2025-01-12 05:00:00,138.37333
2025-01-12 06:00:00,142.5975
2025-01-12 07:00:00,138.41167
2025-01-12 08:00:00,134.0125
2025-01-12 09:00:00,128.15417
2025-01-12 10:00:00,116.98917
2025-01-12 11:00:00,129.45833
2025-01-12 12:00:00,114.64833
2025-01-12 13:00:00,98.290833
2025-01-12 14:00:00,108.34333
2025-01-12 15:00:00,119.8525
2025-01-12 16:00:00,33.22
2025-01-12 17:00:00,23.780833
2025-01-12 18:00:00,9.7008333
2025-01-12 19:00:00,9.8116667
2025-01-12 20:00:00,21.075833
2025-01-12 21:00:00,13.351667
2025-01-12 22:00:00,1.995
2025-01-12 23:00:00,24.240833
2025-01-13 00:00:00,76.895833
2025-01-13 01:00:00,92.12
2025-01-13 02:00:00,115.56
2025-01-13 03:00:00,102.90917
2025-01-13 04:00:00,147.36333
2025-01-13 05:00:00,164.1275
2025-01-13 06:00:00,149.8525
2025-01-13 07:00:00,164.79333
2025-01-13 08:00:00,176.96083
2025-01-13 09:00:00,135.87917
2025-01-13 10:00:00,114.4025
2025-01-13 11:00:00,108.39833
2025-01-13 12:00:00,112.6175
2025-01-13 13:00:00,122.33167
2025-01-13 14:00:00,164.8775
2025-01-13 15:00:00,209.9275
2025-01-13 16:00:00,98.1925
2025-01-13 17:00:00,48.288333
2025-01-13 18:00:00,12.460833
2025-01-13 19:00:00,18.609167
2025-01-13 20:00:00,-29.955
2025-01-13 21:00:00,-21.365
2025-01-13 22:00:00,48.9475
2025-01-13 23:00:00,59.1075
2025-01-14 00:00:00,76.21
2025-01-14 01:00:00,123.3975
2025-01-14 02:00:00,183.26917
2025-01-14 03:00:00,162.24667
2025-01-14 04:00:00,309.29
2025-01-14 05:00:00,226.55917
2025-01-14 06:00:00,169.32833
2025-01-14 07:00:00,159.23417
2025-01-14 08:00:00,208.42
2025-01-14 09:00:00,172.1475
2025-01-14 10:00:00,141.08167
2025-01-14 11:00:00,119.105
2025-01-14 12:00:00,126.70333
2025-01-14 13:00:00,131.885
2025-01-14 14:00:00,178.94083
2025-01-14 15:00:00,246.0925
2025-01-14 16:00:00,128.55167
2025-01-14 17:00:00,85.97
2025-01-14 18:00:00,80.691667
2025-01-14 19:00:00,76.6075
2025-01-14 20:00:00,64.868333
2025-01-14 21:00:00,59.765
2025-01-14 22:00:00,55.949167
2025-01-14 23:00:00,71.628333
2025-01-15 00:00:00,65.92
2025-01-15 01:00:00,81.055833
2025-01-15 02:00:00,129.84417
2025-01-15 03:00:00,240.165
2025-01-15 04:00:00,328.06667
2025-01-15 05:00:00,222.37667
2025-01-15 06:00:00,161.78583
2025-01-15 07:00:00,143.85417
2025-01-15 08:00:00,122.06333
2025-01-15 09:00:00,107.10333
2025-01-15 10:00:00,95.660833
2025-01-15 11:00:00,105.655
2025-01-15 12:00:00,97.029167
2025-01-15 13:00:00,93.615833
2025-01-15 14:00:00,107.3825
2025-01-15 15:00:00,123.6175
2025-01-15 16:00:00,88.766667
2025-01-15 17:00:00,60.390833
2025-01-15 18:00:00,49.796667
2025-01-15 19:00:00,49.286667
2025-01-15 20:00:00,33.768333
2025-01-15 21:00:00,35.205833
2025-01-15 22:00:00,48.964167
2025-01-15 23:00:00,53.233333
2025-01-16 00:00:00,4414.275
2025-01-16 01:00:00,41.128333
2025-01-16 02:00:00,206.16
2025-01-16 03:00:00,220.3575
2025-01-16 04:00:00,254.33333
2025-01-16 05:00:00,77.861667
2025-01-16 06:00:00,102.72417
2025-01-16 07:00:00,98.711667
2025-01-16 08:00:00,93.043333
2025-01-16 09:00:00,100.19417
2025-01-16 10:00:00,99.7625
2025-01-16 11:00:00,96.2375
2025-01-16 12:00:00,94.3475
2025-01-16 13:00:00,98.55
2025-01-16 14:00:00,126.695
2025-01-16 15:00:00,144.20583
2025-01-16 16:00:00,90.499167
2025-01-16 17:00:00,70.398333
2025-01-16 18:00:00,82.2
2025-01-16 19:00:00,75.588333
2025-01-16 20:00:00,76.531667
2025-01-16 21:00:00,50.1125
2025-01-16 22:00:00,44.7875
2025-01-16 23:00:00,21.946667
2025-01-17 00:00:00,-30.998333
2025-01-17 01:00:00,-24.286667
2025-01-17 02:00:00,-34.785
2025-01-17 03:00:00,-24.905833
2025-01-17 04:00:00,86.273333
2025-01-17 05:00:00,164.91583
2025-01-17 06:00:00,133.92167
2025-01-17 07:00:00,176.63417
2025-01-17 08:00:00,119.49167
2025-01-17 09:00:00,101.73833
2025-01-17 10:00:00,99.129167
2025-01-17 11:00:00,102.11417
2025-01-17 12:00:00,78.260833
2025-01-17 13:00:00,76.755833
2025-01-17 14:00:00,73.058333
2025-01-17 15:00:00,82.7225
2025-01-17 16:00:00,30.419167
2025-01-17 17:00:00,-16.549167
2025-01-17 18:00:00,-15.365
2025-01-17 19:00:00,-34.229167
2025-01-17 20:00:00,-36.870833
2025-01-17 21:00:00,-31.6975
2025-01-17 22:00:00,-30.374167
2025-01-17 23:00:00,17.19
2025-01-18 00:00:00,53.868333
2025-01-18 01:00:00,46.406667
2025-01-18 02:00:00,4.4666667
2025-01-18 03:00:00,-20.083333
2025-01-18 04:00:00,64.740833
2025-01-18 05:00:00,92.06
2025-01-18 06:00:00,86.796667
2025-01-18 07:00:00,75.626667
2025-01-18 08:00:00,78.159167
2025-01-18 09:00:00,70.63
2025-01-18 10:00:00,49.161667
2025-01-18 11:00:00,35.6275
2025-01-18 12:00:00,26.066667
2025-01-18 13:00:00,31.13
2025-01-18 14:00:00,48.845833
2025-01-18 15:00:00,45.146667
2025-01-18 16:00:00,-22.246667
2025-01-18 17:00:00,-31.49
2025-01-18 18:00:00,-34.165
2025-01-18 19:00:00,-37.113333
2025-01-18 20:00:00,-34.095
2025-01-18 21:00:00,-32.049167
2025-01-18 22:00:00,-32.22
2025-01-18 23:00:00,-35.326667
2025-01-19 00:00:00,-30.931667
2025-01-19 01:00:00,-15.4175
2025-01-19 02:00:00,-22.6275
2025-01-19 03:00:00,-5.9766667
2025-01-19 04:00:00,79.021667
2025-01-19 05:00:00,101.89833
2025-01-19 06:00:00,73.684167
2025-01-19 07:00:00,62.4875
2025-01-19 08:00:00,62.683333
2025-01-19 09:00:00,67.468333
2025-01-19 10:00:00,74.389167
2025-01-19 11:00:00,72.748333
2025-01-19 12:00:00,59.905
2025-01-19 13:00:00,55.654167
2025-01-19 14:00:00,74.7675
2025-01-19 15:00:00,61.588333
2025-01-19 16:00:00,-9.9933333
2025-01-19 17:00:00,-31.889167
2025-01-19 18:00:00,-34.091667
2025-01-19 19:00:00,-37.7075
2025-01-19 20:00:00,-37.980833
2025-01-19 21:00:00,-40.454167
2025-01-19 22:00:00,-40.065
2025-01-19 23:00:00,-33.595
2025-01-20 00:00:00,-30.3625
2025-01-20 01:00:00,-27.48
2025-01-20 02:00:00,-15.795833
2025-01-20 03:00:00,25.921667
2025-01-20 04:00:00,163.9575
2025-01-20 05:00:00,114.99167
2025-01-20 06:00:00,87.974167
2025-01-20 07:00:00,94.221667
2025-01-20 08:00:00,91.363333
2025-01-20 09:00:00,89.79
2025-01-20 10:00:00,88.704167
2025-01-20 11:00:00,88.068333
2025-01-20 12:00:00,90.695
2025-01-20 13:00:00,102.78
2025-01-20 14:00:00,105.37917
2025-01-20 15:00:00,108.35833
2025-01-20 16:00:00,65.416667
2025-01-20 17:00:00,-14.170833
2025-01-20 18:00:00,-24.174167
2025-01-20 19:00:00,-32.476667
2025-01-20 20:00:00,-35.9575
2025-01-20 21:00:00,-35.984167
2025-01-20 22:00:00,-34.14
2025-01-20 23:00:00,-30.193333
2025-01-21 00:00:00,-23.754167
2025-01-21 01:00:00,6.7783333
2025-01-21 02:00:00,34.891667
2025-01-21 03:00:00,124.15083
2025-01-21 04:00:00,259.9225
2025-01-21 05:00:00,265.1375
2025-01-21 06:00:00,184.1275
2025-01-21 07:00:00,114.31167
2025-01-21 08:00:00,147.63667
2025-01-21 09:00:00,150.27583
2025-01-21 10:00:00,106.01417
2025-01-21 11:00:00,127.9875
2025-01-21 12:00:00,100.32083
2025-01-21 13:00:00,92.5325
2025-01-21 14:00:00,107.32667
2025-01-21 15:00:00,130.32833
2025-01-21 16:00:00,76.96
2025-01-21 17:00:00,59.586667
2025-01-21 18:00:00,45.850833
2025-01-21 19:00:00,-6.0041667
2025-01-21 20:00:00,16.685833
2025-01-21 21:00:00,8.7041667
2025-01-21 22:00:00,-4.3125
2025-01-21 23:00:00,36.961667
2025-01-22 00:00:00,43.770833
2025-01-22 01:00:00,64.864167
2025-01-22 02:00:00,78.66
2025-01-22 03:00:00,175.76083
2025-01-22 04:00:00,241.14083
2025-01-22 05:00:00,228.45167
2025-01-22 06:00:00,191.58167
2025-01-22 07:00:00,157.63917
2025-01-22 08:00:00,143.955
2025-01-22 09:00:00,132.43917
2025-01-22 10:00:00,93.035
2025-01-22 11:00:00,80.365833
2025-01-22 12:00:00,75.735833
2025-01-22 13:00:00,76.586667
2025-01-22 14:00:00,76.635
2025-01-22 15:00:00,79.575833
2025-01-22 16:00:00,36.588333
2025-01-22 17:00:00,33.271667
2025-01-22 18:00:00,14.866667
2025-01-22 19:00:00,-33.825833
2025-01-22 20:00:00,-39.48
2025-01-22 21:00:00,-28.148333
2025-01-22 22:00:00,17.665833
2025-01-22 23:00:00,1199.3483
2025-01-23 00:00:00,39.5625
2025-01-23 01:00:00,43.845833
2025-01-23 02:00:00,2057.1108
2025-01-23 03:00:00,175.3825
2025-01-23 04:00:00,769.06333
2025-01-23 05:00:00,802.7625
2025-01-23 06:00:00,107.95333
2025-01-23 07:00:00,128.805
2025-01-23 08:00:00,96.958333
2025-01-23 09:00:00,69.885
2025-01-23 10:00:00,59.449167
2025-01-23 11:00:00,59.550833
2025-01-23 12:00:00,57.454167
2025-01-23 13:00:00,63.403333
2025-01-23 14:00:00,78.359167
2025-01-23 15:00:00,98.875
2025-01-23 16:00:00,49.33
2025-01-23 17:00:00,30.406667
2025-01-23 18:00:00,1.57
2025-01-23 19:00:00,-12.383333
2025-01-23 20:00:00,-16.981667
2025-01-23 21:00:00,-15.998333
2025-01-23 22:00:00,-26.124167
2025-01-23 23:00:00,-24.259167
2025-01-24 00:00:00,22.325833
2025-01-24 01:00:00,61.630833
2025-01-24 02:00:00,73.39
2025-01-24 03:00:00,112.85917
2025-01-24 04:00:00,126.64833
2025-01-24 05:00:00,131.88583
2025-01-24 06:00:00,118.39583
2025-01-24 07:00:00,112.92917
2025-01-24 08:00:00,112.68
2025-01-24 09:00:00,107.74167
2025-01-24 10:00:00,111.74
2025-01-24 11:00:00,99.981667
2025-01-24 12:00:00,87.135
2025-01-24 13:00:00,89.499167
2025-01-24 14:00:00,101.90667
2025-01-24 15:00:00,137.24083
2025-01-24 16:00:00,80.823333
2025-01-24 17:00:00,61.0075
2025-01-24 18:00:00,54.293333
2025-01-24 19:00:00,36.444167
2025-01-24 20:00:00,46.173333
2025-01-24 21:00:00,42.428333
2025-01-24 22:00:00,-3.3175
2025-01-24 23:00:00,24.898333
2025-01-25 00:00:00,9.7591667
2025-01-25 01:00:00,38.418333
2025-01-25 02:00:00,56.999167
2025-01-25 03:00:00,58.021667
2025-01-25 04:00:00,163.05
2025-01-25 05:00:00,170.2625
2025-01-25 06:00:00,127.58833
2025-01-25 07:00:00,93.721667
2025-01-25 08:00:00,85.380833
2025-01-25 09:00:00,82.0375
2025-01-25 10:00:00,78.644167
2025-01-25 11:00:00,76.659167
2025-01-25 12:00:00,76.328333
2025-01-25 13:00:00,79.9225
2025-01-25 14:00:00,94.665833
2025-01-25 15:00:00,94.245
2025-01-25 16:00:00,31.301667
2025-01-25 17:00:00,-26.17
2025-01-25 18:00:00,-18.761667
2025-01-25 19:00:00,-31.795
2025-01-25 20:00:00,-29.621667
2025-01-25 21:00:00,-28.523333
2025-01-25 22:00:00,-29.003333
2025-01-25 23:00:00,-29.796667
2025-01-26 00:00:00,-26.448333
2025-01-26 01:00:00,-8.1575
2025-01-26 02:00:00,-6.0733333
2025-01-26 03:00:00,62.5775
2025-01-26 04:00:00,107.49167
2025-01-26 05:00:00,100.085
2025-01-26 06:00:00,88.37
2025-01-26 07:00:00,91.208333
2025-01-26 08:00:00,88.765
2025-01-26 09:00:00,87.978333
2025-01-26 10:00:00,82.345
2025-01-26 11:00:00,77.719167
2025-01-26 12:00:00,76.214167
2025-01-26 13:00:00,76.096667
2025-01-26 14:00:00,64.025
2025-01-26 15:00:00,62.72
2025-01-26 16:00:00,19.271667
2025-01-26 17:00:00,18.513333
2025-01-26 18:00:00,42.968333
2025-01-26 19:00:00,21.406667
2025-01-26 20:00:00,-10.720833
2025-01-26 21:00:00,-17.510833
2025-01-26 22:00:00,-29.486667
2025-01-26 23:00:00,-20.8575
2025-01-27 00:00:00,8.5841667
2025-01-27 01:00:00,-29.0425
2025-01-27 02:00:00,-1.6233333
2025-01-27 03:00:00,37.665
2025-01-27 04:00:00,80.93
2025-01-27 05:00:00,77.189167
2025-01-27 06:00:00,74.184167
2025-01-27 07:00:00,81.42
2025-01-27 08:00:00,73.799167
2025-01-27 09:00:00,71.3125
2025-01-27 10:00:00,61.051667
2025-01-27 11:00:00,55.446667
2025-01-27 12:00:00,55.405833
2025-01-27 13:00:00,56.52
2025-01-27 14:00:00,74.415833
2025-01-27 15:00:00,74.44
2025-01-27 16:00:00,47.258333
2025-01-27 17:00:00,-12.05
2025-01-27 18:00:00,-17.581667
2025-01-27 19:00:00,-11.174167
2025-01-27 20:00:00,-10.831667
2025-01-27 21:00:00,3.82
2025-01-27 22:00:00,41.420833
2025-01-27 23:00:00,55.425833
2025-01-28 00:00:00,60.844167
2025-01-28 01:00:00,75.324167
2025-01-28 02:00:00,86.779167
2025-01-28 03:00:00,144.91333
2025-01-28 04:00:00,195.79167
2025-01-28 05:00:00,129.12667
2025-01-28 06:00:00,93.990833
2025-01-28 07:00:00,87.276667
2025-01-28 08:00:00,75.143333
2025-01-28 09:00:00,74.25
2025-01-28 10:00:00,72.598333
2025-01-28 11:00:00,72.834167
2025-01-28 12:00:00,60.634167
2025-01-28 13:00:00,57.421667
2025-01-28 14:00:00,73.9475
2025-01-28 15:00:00,90.023333
2025-01-28 16:00:00,90.743333
2025-01-28 17:00:00,52.176667
2025-01-28 18:00:00,45.4125
2025-01-28 19:00:00,70.415833
2025-01-28 20:00:00,54.511667
2025-01-28 21:00:00,47.215833
2025-01-28 22:00:00,45.498333
2025-01-28 23:00:00,48.595833
2025-01-29 00:00:00,53.086667
2025-01-29 01:00:00,38.405
2025-01-29 02:00:00,93.821667
2025-01-29 03:00:00,148.43833
2025-01-29 04:00:00,93.090833
2025-01-29 05:00:00,79.903333
2025-01-29 06:00:00,79.690833
2025-01-29 07:00:00,75.915
2025-01-29 08:00:00,61.430833
2025-01-29 09:00:00,68.975833
2025-01-29 10:00:00,70.175833
2025-01-29 11:00:00,65.093333
2025-01-29 12:00:00,71.2025
2025-01-29 13:00:00,60.434167
2025-01-29 14:00:00,68.310833
2025-01-29 15:00:00,107.75417
2025-01-29 16:00:00,77.336667
2025-01-29 17:00:00,50.1725
2025-01-29 18:00:00,40.805833
2025-01-29 19:00:00,63.5125
2025-01-29 20:00:00,58.618333
2025-01-29 21:00:00,51.89
2025-01-29 22:00:00,44.009167
2025-01-29 23:00:00,33.666667
2025-01-30 00:00:00,53.719167
2025-01-30 01:00:00,45.486667
2025-01-30 02:00:00,79.4275
2025-01-30 03:00:00,132.75167
2025-01-30 04:00:00,248.73167
2025-01-30 05:00:00,119.37583
2025-01-30 06:00:00,95.873333
2025-01-30 07:00:00,80.475
2025-01-30 08:00:00,81.7725
2025-01-30 09:00:00,85.274167
2025-01-30 10:00:00,78.749167
2025-01-30 11:00:00,75.045833
2025-01-30 12:00:00,73.580833
2025-01-30 13:00:00,79.02
2025-01-30 14:00:00,90.555833
2025-01-30 15:00:00,138.67417
2025-01-30 16:00:00,98.671667
2025-01-30 17:00:00,53.46
2025-01-30 18:00:00,59.9
2025-01-30 19:00:00,71.438333
2025-01-30 20:00:00,53.924167
2025-01-30 21:00:00,45.446667
2025-01-30 22:00:00,42.721667
2025-01-30 23:00:00,31.405833
2025-01-31 00:00:00,42.516667
2025-01-31 01:00:00,38.178333
2025-01-31 02:00:00,37.081667
2025-01-31 03:00:00,83.2025
2025-01-31 04:00:00,129.94833
2025-01-31 05:00:00,132.84917
2025-01-31 06:00:00,103.4925
2025-01-31 07:00:00,92.834167
2025-01-31 08:00:00,81.006667
2025-01-31 09:00:00,71.999167
2025-01-31 10:00:00,69.620833
2025-01-31 11:00:00,72.978333
2025-01-31 12:00:00,72.188333
2025-01-31 13:00:00,73.935
2025-01-31 14:00:00,81.234167
2025-01-31 15:00:00,126.23333
2025-01-31 16:00:00,83.3275
2025-01-31 17:00:00,48.326667
2025-01-31 18:00:00,56.3125
2025-01-31 19:00:00,66.064167
2025-01-31 20:00:00,62.945833
2025-01-31 21:00:00,73.354167
2025-01-31 22:00:00,57.744167
2025-01-31 23:00:00,61.034167
2025-02-01 00:00:00,25.818333
2025-02-01 01:00:00,-3.4366667
2025-02-01 02:00:00,3.8258333
2025-02-01 03:00:00,55.193333
2025-02-01 04:00:00,109.85917
2025-02-01 05:00:00,110.83917
2025-02-01 06:00:00,97.9525
2025-02-01 07:00:00,80.266667
2025-02-01 08:00:00,77.426667
2025-02-01 09:00:00,74.6425
2025-02-01 10:00:00,72.998333
2025-02-01 11:00:00,66.371667
2025-02-01 12:00:00,76.099167
2025-02-01 13:00:00,73.415
2025-02-01 14:00:00,85.428333
2025-02-01 15:00:00,94.169167
2025-02-01 16:00:00,54.07
2025-02-01 17:00:00,63.4275
2025-02-01 18:00:00,115.2575
2025-02-01 19:00:00,48.803333
2025-02-01 20:00:00,39.140833
2025-02-01 21:00:00,51.940833
2025-02-01 22:00:00,39.999167
2025-02-01 23:00:00,38.953333
2025-02-02 00:00:00,50.320833
2025-02-02 01:00:00,64.986667
2025-02-02 02:00:00,57.5175
2025-02-02 03:00:00,87.818333
2025-02-02 04:00:00,184.2825
2025-02-02 05:00:00,160.0625
2025-02-02 06:00:00,157.40417
2025-02-02 07:00:00,127.81917
2025-02-02 08:00:00,113.36917
2025-02-02 09:00:00,127.685
2025-02-02 10:00:00,105.18667
2025-02-02 11:00:00,86.9725
2025-02-02 12:00:00,68.2175
2025-02-02 13:00:00,61.151667
2025-02-02 14:00:00,67.725833
2025-02-02 15:00:00,74.976667
2025-02-02 16:00:00,23.941667
2025-02-02 17:00:00,-20.600833
2025-02-02 18:00:00,2.6283333
2025-02-02 19:00:00,6.5491667
2025-02-02 20:00:00,24.405833
2025-02-02 21:00:00,10.98
2025-02-02 22:00:00,-14.306667
2025-02-02 23:00:00,8.8316667
2025-02-03 00:00:00,50.251667
2025-02-03 01:00:00,56.1325
2025-02-03 02:00:00,35.7775
2025-02-03 03:00:00,90.366667
2025-02-03 04:00:00,239.5975
2025-02-03 05:00:00,184.42917
2025-02-03 06:00:00,126.02
2025-02-03 07:00:00,95.364167
2025-02-03 08:00:00,116.645
2025-02-03 09:00:00,86.8225
2025-02-03 10:00:00,77.493333
2025-02-03 11:00:00,76.006667
2025-02-03 12:00:00,75.995833
2025-02-03 13:00:00,75.975
2025-02-03 14:00:00,76.2925
2025-02-03 15:00:00,118.96167
2025-02-03 16:00:00,102.28417
2025-02-03 17:00:00,63.444167
2025-02-03 18:00:00,55.506667
2025-02-03 19:00:00,41.666667
2025-02-03 20:00:00,55.796667
2025-02-03 21:00:00,75.138333
2025-02-03 22:00:00,67.524167
2025-02-03 23:00:00,81.090833
2025-02-04 00:00:00,85.7225
2025-02-04 01:00:00,116.78667
2025-02-04 02:00:00,223.90667
2025-02-04 03:00:00,246.805
2025-02-04 04:00:00,294.45333
2025-02-04 05:00:00,206.38333
2025-02-04 06:00:00,177.38
2025-02-04 07:00:00,179.29833
2025-02-04 08:00:00,150.11
2025-02-04 09:00:00,133.42917
2025-02-04 10:00:00,114.28583
2025-02-04 11:00:00,83.991667
2025-02-04 12:00:00,80.445
2025-02-04 13:00:00,81.561667
2025-02-04 14:00:00,87.398333
2025-02-04 15:00:00,142.72167
2025-02-04 16:00:00,180.59167
2025-02-04 17:00:00,137.68
2025-02-04 18:00:00,104.97833
2025-02-04 19:00:00,63.08
2025-02-04 20:00:00,50.951667
2025-02-04 21:00:00,63.21
2025-02-04 22:00:00,92.2
2025-02-04 23:00:00,146.4325
2025-02-05 00:00:00,125.66833
2025-02-05 01:00:00,714.485
2025-02-05 02:00:00,152.13917
2025-02-05 03:00:00,170.36417
2025-02-05 04:00:00,712.02083
2025-02-05 05:00:00,284.56417
2025-02-05 06:00:00,150.32667
2025-02-05 07:00:00,161.3125
2025-02-05 08:00:00,129.96333
2025-02-05 09:00:00,98.558333
2025-02-05 10:00:00,84.745833
2025-02-05 11:00:00,90.258333
2025-02-05 12:00:00,91.773333
2025-02-05 13:00:00,92.04
2025-02-05 14:00:00,96.855833
2025-02-05 15:00:00,151.95667
2025-02-05 16:00:00,137.16833
2025-02-05 17:00:00,98.2825
2025-02-05 18:00:00,122.2675
2025-02-05 19:00:00,126.43583
2025-02-05 20:00:00,126.495
2025-02-05 21:00:00,109.505
2025-02-05 22:00:00,128.05167
2025-02-05 23:00:00,150.52917
2025-02-06 00:00:00,92.453333
2025-02-06 01:00:00,83.448333
2025-02-06 02:00:00,87.8325
2025-02-06 03:00:00,3742.4
2025-02-06 04:00:00,167.53667
2025-02-06 05:00:00,150.63
2025-02-06 06:00:00,154.76917
2025-02-06 07:00:00,134.19917
2025-02-06 08:00:00,136.505
2025-02-06 09:00:00,123.00417
2025-02-06 10:00:00,109.12083
2025-02-06 11:00:00,106.91667
2025-02-06 12:00:00,115.6875
2025-02-06 13:00:00,135.81167
2025-02-06 14:00:00,144.87417
2025-02-06 15:00:00,195.16667
2025-02-06 16:00:00,178.52167
2025-02-06 17:00:00,72.5
2025-02-06 18:00:00,68.445833
2025-02-06 19:00:00,70.640833
2025-02-06 20:00:00,67.350833
2025-02-06 21:00:00,64.969167
2025-02-06 22:00:00,128.255
2025-02-06 23:00:00,42.626667
2025-02-07 00:00:00,98.931667
2025-02-07 01:00:00,222.94083
2025-02-07 02:00:00,288.04667
2025-02-07 03:00:00,247.42417
2025-02-07 04:00:00,302.63167
2025-02-07 05:00:00,299.99
2025-02-07 06:00:00,263.62833
2025-02-07 07:00:00,183.07167
2025-02-07 08:00:00,145.25417
2025-02-07 09:00:00,135.14583
2025-02-07 10:00:00,136.77667
2025-02-07 11:00:00,146.22833
2025-02-07 12:00:00,150.86
2025-02-07 13:00:00,163.0925
2025-02-07 14:00:00,178.515
2025-02-07 15:00:00,256.79917
2025-02-07 16:00:00,212.1975
2025-02-07 17:00:00,100.41083
2025-02-07 18:00:00,67.745833
2025-02-07 19:00:00,57.383333
2025-02-07 20:00:00,55.806667
2025-02-07 21:00:00,67.525833
2025-02-07 22:00:00,82.255
2025-02-07 23:00:00,92.208333
2025-02-08 00:00:00,132.87
2025-02-08 01:00:00,127.86167
2025-02-08 02:00:00,145.26167
2025-02-08 03:00:00,319.05667
2025-02-08 04:00:00,232.20417
2025-02-08 05:00:00,125.48333
2025-02-08 06:00:00,86.375833
2025-02-08 07:00:00,85.168333
2025-02-08 08:00:00,91.135
2025-02-08 09:00:00,98.6275
2025-02-08 10:00:00,83.576667
2025-02-08 11:00:00,85.278333
2025-02-08 12:00:00,88.390833
2025-02-08 13:00:00,88.181667
2025-02-08 14:00:00,84.120833
2025-02-08 15:00:00,89.871667
2025-02-08 16:00:00,66.805
2025-02-08 17:00:00,62.685833
2025-02-08 18:00:00,68.16
2025-02-08 19:00:00,86.935833
2025-02-08 20:00:00,70.546667
2025-02-08 21:00:00,68.288333
2025-02-08 22:00:00,66.613333
2025-02-08 23:00:00,128.99417
2025-02-09 00:00:00,1604.2158
2025-02-09 01:00:00,103.40333
2025-02-09 02:00:00,38.1
2025-02-09 03:00:00,70.09
2025-02-09 04:00:00,94.765
2025-02-09 05:00:00,85.554167
2025-02-09 06:00:00,84.465
2025-02-09 07:00:00,84.974167
2025-02-09 08:00:00,81.420833
2025-02-09 09:00:00,87.728333
2025-02-09 10:00:00,91.458333
2025-02-09 11:00:00,82.771667
2025-02-09 12:00:00,83.244167
2025-02-09 13:00:00,86.549167
2025-02-09 14:00:00,87.185
2025-02-09 15:00:00,81.496667
2025-02-09 16:00:00,8.8183333
2025-02-09 17:00:00,-26.245
2025-02-09 18:00:00,-14.064167
2025-02-09 19:00:00,-32.544167
2025-02-09 20:00:00,-34.22
2025-02-09 21:00:00,-35.289167
2025-02-09 22:00:00,-30.504167
2025-02-09 23:00:00,-31.830833
2025-02-10 00:00:00,4.2708333
2025-02-10 01:00:00,64.0375
2025-02-10 02:00:00,64.18
2025-02-10 03:00:00,87.295833
2025-02-10 04:00:00,106.28333
2025-02-10 05:00:00,88.965833
2025-02-10 06:00:00,67.156667
2025-02-10 07:00:00,75.4075
2025-02-10 08:00:00,77.231667
2025-02-10 09:00:00,80.263333
2025-02-10 10:00:00,79.01
2025-02-10 11:00:00,77.469167
2025-02-10 12:00:00,77.275833
2025-02-10 13:00:00,82.969167
2025-02-10 14:00:00,96.570833
2025-02-10 15:00:00,109.00417
2025-02-10 16:00:00,103.46
2025-02-10 17:00:00,67.515833
2025-02-10 18:00:00,91.483333
2025-02-10 19:00:00,86.409167
2025-02-10 20:00:00,168.3575
2025-02-10 21:00:00,418.74083
2025-02-10 22:00:00,6.28
2025-02-10 23:00:00,1.99
2025-02-11 00:00:00,50.643333
2025-02-11 01:00:00,68.1525
2025-02-11 02:00:00,42.633333
2025-02-11 03:00:00,112.34667
2025-02-11 04:00:00,121.34667
2025-02-11 05:00:00,113.78667
2025-02-11 06:00:00,93.2425
2025-02-11 07:00:00,99.874167
2025-02-11 08:00:00,83.024167
2025-02-11 09:00:00,80.770833
2025-02-11 10:00:00,87.160833
2025-02-11 11:00:00,81.121667
2025-02-11 12:00:00,83.623333
2025-02-11 13:00:00,84.676667
2025-02-11 14:00:00,101.77
2025-02-11 15:00:00,129.91333
2025-02-11 16:00:00,118.605
2025-02-11 17:00:00,44.541667
2025-02-11 18:00:00,60.674167
2025-02-11 19:00:00,58.600833
2025-02-11 20:00:00,70.724167
2025-02-11 21:00:00,41.315
2025-02-11 22:00:00,57.039167
2025-02-11 23:00:00,92.791667
2025-02-12 00:00:00,59.611667
2025-02-12 01:00:00,72.029167
2025-02-12 02:00:00,89.395833
2025-02-12 03:00:00,133.31833
2025-02-12 04:00:00,261.92417
2025-02-12 05:00:00,169.84083
2025-02-12 06:00:00,132.46167
2025-02-12 07:00:00,118.81083
2025-02-12 08:00:00,103.16833
2025-02-12 09:00:00,96.6275
2025-02-12 10:00:00,97.799167
2025-02-12 11:00:00,103.38917
2025-02-12 12:00:00,103.0325
2025-02-12 13:00:00,105.025
2025-02-12 14:00:00,114.17
2025-02-12 15:00:00,147.45917
2025-02-12 16:00:00,140.43083
2025-02-12 17:00:00,32.918333
2025-02-12 18:00:00,21.275
2025-02-12 19:00:00,29.195833
2025-02-12 20:00:00,44.524167
2025-02-12 21:00:00,52.274167
2025-02-12 22:00:00,45.388333
2025-02-12 23:00:00,36.298333
2025-02-13 00:00:00,75.573333
2025-02-13 01:00:00,80.156667
2025-02-13 02:00:00,115.29583
2025-02-13 03:00:00,174.2375
2025-02-13 04:00:00,291.2525
2025-02-13 05:00:00,299.99
2025-02-13 06:00:00,182.055
2025-02-13 07:00:00,122.46
2025-02-13 08:00:00,112.79083
2025-02-13 09:00:00,107.09
2025-02-13 10:00:00,79.359167
2025-02-13 11:00:00,77.734167
2025-02-13 12:00:00,75.476667
2025-02-13 13:00:00,76.401667
2025-02-13 14:00:00,82.6
2025-02-13 15:00:00,97.290833
2025-02-13 16:00:00,83.405
2025-02-13 17:00:00,11.641667
2025-02-13 18:00:00,26.110833
2025-02-13 19:00:00,53.400833
2025-02-13 20:00:00,3.4991667
2025-02-13 21:00:00,46.289167
2025-02-13 22:00:00,56.335833
2025-02-13 23:00:00,64.67
2025-02-14 00:00:00,43.075833
2025-02-14 01:00:00,79.744167
2025-02-14 02:00:00,125.56833
2025-02-14 03:00:00,144.45667
2025-02-14 04:00:00,185.82583
2025-02-14 05:00:00,137.34083
2025-02-14 06:00:00,120.475
2025-02-14 07:00:00,117.95167
2025-02-14 08:00:00,119.48583
2025-02-14 09:00:00,118.22667
2025-02-14 10:00:00,91.025833
2025-02-14 11:00:00,88.320833
2025-02-14 12:00:00,85.4075
2025-02-14 13:00:00,89.273333
2025-02-14 14:00:00,105.10583
2025-02-14 15:00:00,140.69667
2025-02-14 16:00:00,143.31333
2025-02-14 17:00:00,110.345
2025-02-14 18:00:00,134.50833
2025-02-14 19:00:00,108.55167
2025-02-14 20:00:00,111.105
2025-02-14 21:00:00,61.441667
2025-02-14 22:00:00,73.020833
2025-02-14 23:00:00,73.629167
2025-02-15 00:00:00,74.769167
2025-02-15 01:00:00,92.2875
2025-02-15 02:00:00,87.976667
2025-02-15 03:00:00,132.11083
2025-02-15 04:00:00,176.22917
2025-02-15 05:00:00,133.66417
2025-02-15 06:00:00,116.2775
2025-02-15 07:00:00,109.29
2025-02-15 08:00:00,113.03083
2025-02-15 09:00:00,110.57
2025-02-15 10:00:00,105.47417
2025-02-15 11:00:00,105.8525
2025-02-15 12:00:00,105.58917
2025-02-15 13:00:00,102.5525
2025-02-15 14:00:00,106.6025
2025-02-15 15:00:00,113.4425
2025-02-15 16:00:00,88.966667
2025-02-15 17:00:00,49.956667
2025-02-15 18:00:00,26.703333
2025-02-15 19:00:00,-35.913333
2025-02-15 20:00:00,-30.663333
2025-02-15 21:00:00,-32.668333
2025-02-15 22:00:00,-32.889167
2025-02-15 23:00:00,-27.290833
2025-02-16 00:00:00,15.903333
2025-02-16 01:00:00,64.425
2025-02-16 02:00:00,56.21
2025-02-16 03:00:00,21.923333
2025-02-16 04:00:00,146.18333
2025-02-16 05:00:00,146.6675
2025-02-16 06:00:00,93.905833
2025-02-16 07:00:00,56.694167
2025-02-16 08:00:00,75.723333
2025-02-16 09:00:00,87.974167
2025-02-16 10:00:00,83.385
2025-02-16 11:00:00,97.138333
2025-02-16 12:00:00,90.6375
2025-02-16 13:00:00,86.7925
2025-02-16 14:00:00,85.59
2025-02-16 15:00:00,92.291667
2025-02-16 16:00:00,28.870833
2025-02-16 17:00:00,-30.381667
2025-02-16 18:00:00,-31.840833
2025-02-16 19:00:00,-34.144167
2025-02-16 20:00:00,-41.114167
2025-02-16 21:00:00,-48.995833
2025-02-16 22:00:00,-59.219167
2025-02-16 23:00:00,-51.8725
2025-02-17 00:00:00,-44.079167
2025-02-17 01:00:00,-35.13
2025-02-17 02:00:00,-28.1475
2025-02-17 03:00:00,71.75
2025-02-17 04:00:00,136.78917
2025-02-17 05:00:00,156.49417
2025-02-17 06:00:00,130.26
2025-02-17 07:00:00,123.9725
2025-02-17 08:00:00,106.0375
2025-02-17 09:00:00,97.360833
2025-02-17 10:00:00,96.185
2025-02-17 11:00:00,88.705833
2025-02-17 12:00:00,81.943333
2025-02-17 13:00:00,87.570833
2025-02-17 14:00:00,94.430833
2025-02-17 15:00:00,103.1175
2025-02-17 16:00:00,73.800833
2025-02-17 17:00:00,14.219167
2025-02-17 18:00:00,-21.449167
2025-02-17 19:00:00,-27.479167
2025-02-17 20:00:00,-32.206667
2025-02-17 21:00:00,-31.633333
2025-02-17 22:00:00,-30.403333
2025-02-17 23:00:00,-29.424167
2025-02-18 00:00:00,1.4425
2025-02-18 01:00:00,8.3058333
2025-02-18 02:00:00,24.098333
2025-02-18 03:00:00,89.818333
2025-02-18 04:00:00,172.305
2025-02-18 05:00:00,140.90333
2025-02-18 06:00:00,120.21083
2025-02-18 07:00:00,116.55667
2025-02-18 08:00:00,112.3675
2025-02-18 09:00:00,105.41417
2025-02-18 10:00:00,104.08917
2025-02-18 11:00:00,107.89167
2025-02-18 12:00:00,106.01917
2025-02-18 13:00:00,108.95333
2025-02-18 14:00:00,109.40917
2025-02-18 15:00:00,136.23
2025-02-18 16:00:00,113.07917
2025-02-18 17:00:00,38.130833
2025-02-18 18:00:00,-21.339167
2025-02-18 19:00:00,-27.2125
2025-02-18 20:00:00,-28.218333
2025-02-18 21:00:00,-32.725
2025-02-18 22:00:00,-30.951667
2025-02-18 23:00:00,-25.866667
2025-02-19 00:00:00,13.29
2025-02-19 01:00:00,40.084167
2025-02-19 02:00:00,50.194167
2025-02-19 03:00:00,93.515833
2025-02-19 04:00:00,186.0325
2025-02-19 05:00:00,130.27333
2025-02-19 06:00:00,106.37167
2025-02-19 07:00:00,100.09583
2025-02-19 08:00:00,97.98
2025-02-19 09:00:00,96.224167
2025-02-19 10:00:00,87.560833
2025-02-19 11:00:00,79.271667
2025-02-19 12:00:00,76.496667
2025-02-19 13:00:00,81.079167
2025-02-19 14:00:00,84.599167
2025-02-19 15:00:00,95.959167
2025-02-19 16:00:00,100.11583
2025-02-19 17:00:00,27.048333
2025-02-19 18:00:00,16.333333
2025-02-19 19:00:00,27.68
2025-02-19 20:00:00,29.071667
2025-02-19 21:00:00,45.385
2025-02-19 22:00:00,-26.534167
2025-02-19 23:00:00,20.0075
2025-02-20 00:00:00,42.681667
2025-02-20 01:00:00,61.641667
2025-02-20 02:00:00,78.164167
2025-02-20 03:00:00,102.1575
2025-02-20 04:00:00,124.77333
2025-02-20 05:00:00,98.4475
2025-02-20 06:00:00,85.020833
2025-02-20 07:00:00,80.5825
2025-02-20 08:00:00,78.065833
2025-02-20 09:00:00,85.8975
2025-02-20 10:00:00,79.095833
2025-02-20 11:00:00,74.433333
2025-02-20 12:00:00,73.3775
2025-02-20 13:00:00,67.738333
2025-02-20 14:00:00,58.55
2025-02-20 15:00:00,79.381667
2025-02-20 16:00:00,77.336667
2025-02-20 17:00:00,4.5008333
2025-02-20 18:00:00,7.0916667
2025-02-20 19:00:00,-30.785
2025-02-20 20:00:00,-31.678333
2025-02-20 21:00:00,-32.48
2025-02-20 22:00:00,-22.004167
2025-02-20 23:00:00,-19.529167
2025-02-21 00:00:00,-27.409167
2025-02-21 01:00:00,-16.9875
2025-02-21 02:00:00,-4.8216667
2025-02-21 03:00:00,27.35
2025-02-21 04:00:00,81.905
2025-02-21 05:00:00,83.040833
2025-02-21 06:00:00,74.2175
2025-02-21 07:00:00,46.709167
2025-02-21 08:00:00,36.181667
2025-02-21 09:00:00,54.724167
2025-02-21 10:00:00,56.0925
2025-02-21 11:00:00,52.168333
2025-02-21 12:00:00,55.080833
2025-02-21 13:00:00,55.729167
2025-02-21 14:00:00,35.8675
2025-02-21 15:00:00,65.035833
2025-02-21 16:00:00,60.098333
2025-02-21 17:00:00,-18.106667
2025-02-21 18:00:00,-31.21
2025-02-21 19:00:00,-34.135
2025-02-21 20:00:00,-32.451667
2025-02-21 21:00:00,-29.825833
2025-02-21 22:00:00,-32.081667
2025-02-21 23:00:00,-27.908333
2025-02-22 00:00:00,-7.9275
2025-02-22 01:00:00,26.974167
2025-02-22 02:00:00,44.478333
2025-02-22 03:00:00,97.586667
2025-02-22 04:00:00,144.29917
2025-02-22 05:00:00,117.81083
2025-02-22 06:00:00,92.190833
2025-02-22 07:00:00,88.655
2025-02-22 08:00:00,95.030833
2025-02-22 09:00:00,85.735833
2025-02-22 10:00:00,81.728333
2025-02-22 11:00:00,72.658333
2025-02-22 12:00:00,60.095833
2025-02-22 13:00:00,57.7525
2025-02-22 14:00:00,58.9725
2025-02-22 15:00:00,58.283333
2025-02-22 16:00:00,37.780833
2025-02-22 17:00:00,-23.38
2025-02-22 18:00:00,-27.936667
2025-02-22 19:00:00,-27.635
2025-02-22 20:00:00,-36.8625
2025-02-22 21:00:00,-37.464167
2025-02-22 22:00:00,-34.699167
2025-02-22 23:00:00,-23.609167
2025-02-23 00:00:00,10.871667
2025-02-23 01:00:00,-21.978333
2025-02-23 02:00:00,-11.643333
2025-02-23 03:00:00,49.124167
2025-02-23 04:00:00,119.57667
2025-02-23 05:00:00,105.8425
2025-02-23 06:00:00,96.08
2025-02-23 07:00:00,99.3875
2025-02-23 08:00:00,91.54
2025-02-23 09:00:00,80.215
2025-02-23 10:00:00,77.09
2025-02-23 11:00:00,80.005
2025-02-23 12:00:00,80.0025
2025-02-23 13:00:00,80.6425
2025-02-23 14:00:00,84.7825
2025-02-23 15:00:00,80.355
2025-02-23 16:00:00,59.9875
2025-02-23 17:00:00,-16.786667
2025-02-23 18:00:00,-28.2825
2025-02-23 19:00:00,-32.731667
2025-02-23 20:00:00,-35.700833
2025-02-23 21:00:00,-33.1575
2025-02-23 22:00:00,-32.154167
2025-02-23 23:00:00,-32.164167
2025-02-24 00:00:00,20.189167
2025-02-24 01:00:00,54.815833
2025-02-24 02:00:00,84.3825
2025-02-24 03:00:00,103.76333
2025-02-24 04:00:00,105.75417
2025-02-24 05:00:00,86.544167
2025-02-24 06:00:00,81.233333
2025-02-24 07:00:00,76.975833
2025-02-24 08:00:00,71.2225
2025-02-24 09:00:00,71.85
2025-02-24 10:00:00,74.981667
2025-02-24 11:00:00,73.883333
2025-02-24 12:00:00,75.901667
2025-02-24 13:00:00,76.604167
2025-02-24 14:00:00,89.855833
2025-02-24 15:00:00,114.19583
2025-02-24 16:00:00,87.436667
2025-02-24 17:00:00,18.335833
2025-02-24 18:00:00,-0.2875
2025-02-24 19:00:00,3.215
2025-02-24 20:00:00,4.0041667
2025-02-24 21:00:00,-24.533333
2025-02-24 22:00:00,-28.305833
2025-02-24 23:00:00,-1.18
2025-02-25 00:00:00,14.929167
2025-02-25 01:00:00,17.785833
2025-02-25 02:00:00,49.360833
2025-02-25 03:00:00,162.67833
2025-02-25 04:00:00,210.66167
2025-02-25 05:00:00,127.91083
2025-02-25 06:00:00,88.289167
2025-02-25 07:00:00,81.444167
2025-02-25 08:00:00,76.801667
2025-02-25 09:00:00,79.1225
2025-02-25 10:00:00,78.4875
2025-02-25 11:00:00,77.0825
2025-02-25 12:00:00,76.005
2025-02-25 13:00:00,75.555833
2025-02-25 14:00:00,80.4775
2025-02-25 15:00:00,99.735833
2025-02-25 16:00:00,95.694167
2025-02-25 17:00:00,52.886667
2025-02-25 18:00:00,32.31
2025-02-25 19:00:00,31.044167
2025-02-25 20:00:00,25.760833
2025-02-25 21:00:00,41.475
2025-02-25 22:00:00,20.5375
2025-02-25 23:00:00,27.73
2025-02-26 00:00:00,47.884167
2025-02-26 01:00:00,56.623333
2025-02-26 02:00:00,23.410833
2025-02-26 03:00:00,72.370833
2025-02-26 04:00:00,114.435
2025-02-26 05:00:00,100.96583
2025-02-26 06:00:00,85.518333
2025-02-26 07:00:00,83.068333
2025-02-26 08:00:00,80.590833
2025-02-26 09:00:00,77.369167
2025-02-26 10:00:00,79.440833
2025-02-26 11:00:00,76.806667
2025-02-26 12:00:00,76.645
2025-02-26 13:00:00,77.0675
2025-02-26 14:00:00,79.0075
2025-02-26 15:00:00,95.0075
2025-02-26 16:00:00,104.04583
2025-02-26 17:00:00,27.44
2025-02-26 18:00:00,5.8016667
2025-02-26 19:00:00,-6.12
2025-02-26 20:00:00,-4.8041667
2025-02-26 21:00:00,-24.083333
2025-02-26 22:00:00,-12.508333
2025-02-26 23:00:00,-18.239167
2025-02-27 00:00:00,5.5808333
2025-02-27 01:00:00,52.0775
2025-02-27 02:00:00,63.986667
2025-02-27 03:00:00,124.21333
2025-02-27 04:00:00,196.4175
2025-02-27 05:00:00,147.41
2025-02-27 06:00:00,114.10333
2025-02-27 07:00:00,107.9925
2025-02-27 08:00:00,103.315
2025-02-27 09:00:00,89.615833
2025-02-27 10:00:00,97.168333
2025-02-27 11:00:00,95.17
2025-02-27 12:00:00,102.27667
2025-02-27 13:00:00,108.02833
2025-02-27 14:00:00,109.99417
2025-02-27 15:00:00,141.92083
2025-02-27 16:00:00,190.52
2025-02-27 17:00:00,66.305
2025-02-27 18:00:00,53.518333
2025-02-27 19:00:00,33.801667
2025-02-27 20:00:00,58.305
2025-02-27 21:00:00,34.985
2025-02-27 22:00:00,12.886667
2025-02-27 23:00:00,30.440833
2025-02-28 00:00:00,46.465
2025-02-28 01:00:00,91.83
2025-02-28 02:00:00,140.82083
2025-02-28 03:00:00,211.11833
2025-02-28 04:00:00,275.07583
2025-02-28 05:00:00,230.85
2025-02-28 06:00:00,142.23083
2025-02-28 07:00:00,136.50833
2025-02-28 08:00:00,117.21917
2025-02-28 09:00:00,123.16833
2025-02-28 10:00:00,138.695
2025-02-28 11:00:00,110.27
2025-02-28 12:00:00,104.485
2025-02-28 13:00:00,105.54
2025-02-28 14:00:00,103.83083
2025-02-28 15:00:00,121.72667
2025-02-28 16:00:00,135.90167
2025-02-28 17:00:00,51.860833
2025-02-28 18:00:00,47.495833
2025-02-28 19:00:00,36.695
2025-02-28 20:00:00,1.4825
2025-02-28 21:00:00,6.6058333
2025-02-28 22:00:00,21.668333
2025-02-28 23:00:00,28.303333
2025-03-01 00:00:00,110.08083
2025-03-01 01:00:00,120.145
2025-03-01 02:00:00,119.15917
2025-03-01 03:00:00,157.05583
2025-03-01 04:00:00,257.50417
2025-03-01 05:00:00,170.18917
2025-03-01 06:00:00,161.07
2025-03-01 07:00:00,143.62
2025-03-01 08:00:00,135.30083
2025-03-01 09:00:00,125.26833
2025-03-01 10:00:00,118.8175
2025-03-01 11:00:00,133.89583
2025-03-01 12:00:00,117.47333
2025-03-01 13:00:00,121.25167
2025-03-01 14:00:00,127.1175
2025-03-01 15:00:00,140.60667
2025-03-01 16:00:00,135.57167
2025-03-01 17:00:00,25.879167
2025-03-01 18:00:00,16.626667
2025-03-01 19:00:00,9.5633333
2025-03-01 20:00:00,1.3166667
2025-03-01 21:00:00,-18.076667
2025-03-01 22:00:00,-18.599167
2025-03-01 23:00:00,7.5275
2025-03-02 00:00:00,58.295
2025-03-02 01:00:00,46.995
2025-03-02 02:00:00,44.358333
2025-03-02 03:00:00,141.21583
2025-03-02 04:00:00,214.21667
2025-03-02 05:00:00,138.57167
2025-03-02 06:00:00,123.42083
2025-03-02 07:00:00,122.26333
2025-03-02 08:00:00,134.28083
2025-03-02 09:00:00,126.24
2025-03-02 10:00:00,97.600833
2025-03-02 11:00:00,82.126667
2025-03-02 12:00:00,83.174167
2025-03-02 13:00:00,78.808333
2025-03-02 14:00:00,74.980833
2025-03-02 15:00:00,86.601667
2025-03-02 16:00:00,62.463333
2025-03-02 17:00:00,14.371667
2025-03-02 18:00:00,11.085
2025-03-02 19:00:00,19.266667
2025-03-02 20:00:00,0.055
2025-03-02 21:00:00,-5.8716667
2025-03-02 22:00:00,-9.5641667
2025-03-02 23:00:00,-29.231667
2025-03-03 00:00:00,14.285833
2025-03-03 01:00:00,32.455
2025-03-03 02:00:00,41.5925
2025-03-03 03:00:00,93.5625
2025-03-03 04:00:00,90.24
2025-03-03 05:00:00,65.115833
2025-03-03 06:00:00,56.3475
2025-03-03 07:00:00,50.615
2025-03-03 08:00:00,40.9875
2025-03-03 09:00:00,41.581667
2025-03-03 10:00:00,55.2
2025-03-03 11:00:00,58.593333
2025-03-03 12:00:00,59.109167
2025-03-03 13:00:00,59.2125
2025-03-03 14:00:00,58.139167
2025-03-03 15:00:00,82.868333
2025-03-03 16:00:00,105.42833
2025-03-03 17:00:00,48.829167
2025-03-03 18:00:00,49.15
2025-03-03 19:00:00,54.134167
2025-03-03 20:00:00,27.966667
2025-03-03 21:00:00,44.743333
2025-03-03 22:00:00,29.238333
2025-03-03 23:00:00,32.08
2025-03-04 00:00:00,48.3025
2025-03-04 01:00:00,41.03
2025-03-04 02:00:00,118.92167
2025-03-04 03:00:00,61.651667
2025-03-04 04:00:00,165.38167
2025-03-04 05:00:00,118.35833
2025-03-04 06:00:00,93.3625
2025-03-04 07:00:00,74.375833
2025-03-04 08:00:00,80.4425
2025-03-04 09:00:00,81.578333
2025-03-04 10:00:00,81.365
2025-03-04 11:00:00,75.181667
2025-03-04 12:00:00,71.756667
2025-03-04 13:00:00,73.82
2025-03-04 14:00:00,80.363333
2025-03-04 15:00:00,120.39833
2025-03-04 16:00:00,143.80917
2025-03-04 17:00:00,9.3733333
2025-03-04 18:00:00,-8.0416667
2025-03-04 19:00:00,17.930833
2025-03-04 20:00:00,31.083333
2025-03-04 21:00:00,33.565833
2025-03-04 22:00:00,30.261667
2025-03-04 23:00:00,63.29
2025-03-05 00:00:00,36.6125
2025-03-05 01:00:00,42.091667
2025-03-05 02:00:00,75.286667
2025-03-05 03:00:00,160.6825
2025-03-05 04:00:00,227.2725
2025-03-05 05:00:00,196.82417
2025-03-05 06:00:00,135.21083
2025-03-05 07:00:00,109.4575
2025-03-05 08:00:00,98.141667
2025-03-05 09:00:00,101.75083
2025-03-05 10:00:00,94.166667
2025-03-05 11:00:00,92.128333
2025-03-05 12:00:00,84.759167
2025-03-05 13:00:00,79.665
2025-03-05 14:00:00,76.79
2025-03-05 15:00:00,101.49167
2025-03-05 16:00:00,129.28333
2025-03-05 17:00:00,39.764167
2025-03-05 18:00:00,31.511667
2025-03-05 19:00:00,11.7675
2025-03-05 20:00:00,-17.883333
2025-03-05 21:00:00,-27.249167
2025-03-05 22:00:00,-1.5875
2025-03-05 23:00:00,13.585833
2025-03-06 00:00:00,38.828333
2025-03-06 01:00:00,51.781667
2025-03-06 02:00:00,79.876667
2025-03-06 03:00:00,175.02167
2025-03-06 04:00:00,299.89083
2025-03-06 05:00:00,174.78083
2025-03-06 06:00:00,162.49083
2025-03-06 07:00:00,163.4075
2025-03-06 08:00:00,154.76333
2025-03-06 09:00:00,111.86333
2025-03-06 10:00:00,94.52
2025-03-06 11:00:00,85.855833
2025-03-06 12:00:00,78.895833
2025-03-06 13:00:00,76.19
2025-03-06 14:00:00,81.84
2025-03-06 15:00:00,118.8875
2025-03-06 16:00:00,142.59583
2025-03-06 17:00:00,13.471667
2025-03-06 18:00:00,0.3075
2025-03-06 19:00:00,13.194167
2025-03-06 20:00:00,-11.7425
2025-03-06 21:00:00,-24.796667
2025-03-06 22:00:00,-26.7525
2025-03-06 23:00:00,-24.529167
2025-03-07 00:00:00,31.9
2025-03-07 01:00:00,58.294167
2025-03-07 02:00:00,53.085
2025-03-07 03:00:00,90.095833
2025-03-07 04:00:00,202.87583
2025-03-07 05:00:00,164.58833
2025-03-07 06:00:00,98.635
2025-03-07 07:00:00,91.146667
2025-03-07 08:00:00,99.436667
2025-03-07 09:00:00,83.078333
2025-03-07 10:00:00,78.148333
2025-03-07 11:00:00,74.374167
2025-03-07 12:00:00,62.800833
2025-03-07 13:00:00,59.429167
2025-03-07 14:00:00,65.223333
2025-03-07 15:00:00,76.3975
2025-03-07 16:00:00,81.495
2025-03-07 17:00:00,12.165
2025-03-07 18:00:00,16.656667
2025-03-07 19:00:00,-18.773333
2025-03-07 20:00:00,-28.0875
2025-03-07 21:00:00,-27.8975
2025-03-07 22:00:00,-29.399167
2025-03-07 23:00:00,-27.890833
2025-03-08 00:00:00,-27.926667
2025-03-08 01:00:00,5.7233333
2025-03-08 02:00:00,42.8425
2025-03-08 03:00:00,97.678333
2025-03-08 04:00:00,134.15333
2025-03-08 05:00:00,119.40167
2025-03-08 06:00:00,104.1125
2025-03-08 07:00:00,86.923333
2025-03-08 08:00:00,79.3625
2025-03-08 09:00:00,76.3275
2025-03-08 10:00:00,66.990833
2025-03-08 11:00:00,67.185833
2025-03-08 12:00:00,63.648333
2025-03-08 13:00:00,57.076667
2025-03-08 14:00:00,52.1825
2025-03-08 15:00:00,35.9975
2025-03-08 16:00:00,34.6
2025-03-08 17:00:00,-24.695833
2025-03-08 18:00:00,-24.71
2025-03-08 19:00:00,-19.936667
2025-03-08 20:00:00,13.666667
2025-03-08 21:00:00,-1.7708333
2025-03-08 22:00:00,-0.23083333
2025-03-08 23:00:00,0.57083333
2025-03-09 00:00:00,-16.629167
2025-03-09 01:00:00,-8.1708333
2025-03-09 02:00:00,2.3883333
2025-03-09 03:00:00,72.455
2025-03-09 04:00:00,95.808333
2025-03-09 05:00:00,97.995833
2025-03-09 06:00:00,89.448333
2025-03-09 07:00:00,84.146667
2025-03-09 08:00:00,79.795
2025-03-09 09:00:00,77.515833
2025-03-09 10:00:00,75.748333
2025-03-09 11:00:00,81.100833
2025-03-09 12:00:00,76.538333
2025-03-09 13:00:00,76.765833
2025-03-09 14:00:00,66.8875
2025-03-09 15:00:00,59.391667
2025-03-09 16:00:00,47.814167
2025-03-09 17:00:00,-3.0941667
2025-03-09 18:00:00,7.14
2025-03-09 19:00:00,-16.883333
2025-03-09 20:00:00,-20.426667
2025-03-09 21:00:00,-3.5658333
2025-03-09 22:00:00,7.9266667
2025-03-09 23:00:00,8.4375
2025-03-10 00:00:00,56.8
2025-03-10 01:00:00,56.749167
2025-03-10 02:00:00,29.428333
2025-03-10 03:00:00,71.124167
2025-03-10 04:00:00,96.280833
2025-03-10 05:00:00,66.7225
2025-03-10 06:00:00,67.071667
2025-03-10 07:00:00,83.260833
2025-03-10 08:00:00,84.17
2025-03-10 09:00:00,77.974167
2025-03-10 10:00:00,81.780833
2025-03-10 11:00:00,72.105833
2025-03-10 12:00:00,75.201667
2025-03-10 13:00:00,68.216667
2025-03-10 14:00:00,65.084167
2025-03-10 15:00:00,77.763333
2025-03-10 16:00:00,87.945833
2025-03-10 17:00:00,83.314167
2025-03-10 18:00:00,74.661667
2025-03-10 19:00:00,73.789167
2025-03-10 20:00:00,74.806667
2025-03-10 21:00:00,75.743333
2025-03-10 22:00:00,62.205
2025-03-10 23:00:00,69.3075
2025-03-11 00:00:00,72.924167
2025-03-11 01:00:00,69.8625
2025-03-11 02:00:00,75.604167
2025-03-11 03:00:00,79.3375
2025-03-11 04:00:00,89.426667
2025-03-11 05:00:00,79.599167
2025-03-11 06:00:00,69.313333
2025-03-11 07:00:00,74.068333
2025-03-11 08:00:00,75.9675
2025-03-11 09:00:00,71.835
2025-03-11 10:00:00,73.498333
2025-03-11 11:00:00,72.956667
2025-03-11 12:00:00,81.440833
2025-03-11 13:00:00,77.655
2025-03-11 14:00:00,95.394167
2025-03-11 15:00:00,121.72167
2025-03-11 16:00:00,189.995
2025-03-11 17:00:00,92.080833
2025-03-11 18:00:00,65.801667
2025-03-11 19:00:00,59.758333
2025-03-11 20:00:00,51.203333
2025-03-11 21:00:00,78.375
2025-03-11 22:00:00,60.301667
2025-03-11 23:00:00,69.160833
2025-03-12 00:00:00,65.323333
2025-03-12 01:00:00,45.830833
2025-03-12 02:00:00,43.4775
2025-03-12 03:00:00,95.305
2025-03-12 04:00:00,125.8175
2025-03-12 05:00:00,81.801667
2025-03-12 06:00:00,76.868333
2025-03-12 07:00:00,80.461667
2025-03-12 08:00:00,79.543333
2025-03-12 09:00:00,84.308333
2025-03-12 10:00:00,79.6075
2025-03-12 11:00:00,74.585
2025-03-12 12:00:00,81.756667
2025-03-12 13:00:00,79.864167
2025-03-12 14:00:00,76.933333
2025-03-12 15:00:00,83.286667
2025-03-12 16:00:00,105.23333
2025-03-12 17:00:00,44.3
2025-03-12 18:00:00,47.4725
2025-03-12 19:00:00,51.118333
2025-03-12 20:00:00,54.21
2025-03-12 21:00:00,57.07
2025-03-12 22:00:00,60.158333
2025-03-12 23:00:00,61.4125
2025-03-13 00:00:00,78.745
2025-03-13 01:00:00,76.890833
2025-03-13 02:00:00,105.03917
2025-03-13 03:00:00,184.92333
2025-03-13 04:00:00,239.45
2025-03-13 05:00:00,152.01
2025-03-13 06:00:00,124.31
2025-03-13 07:00:00,110.7575
2025-03-13 08:00:00,109.60667
2025-03-13 09:00:00,106.63917
2025-03-13 10:00:00,98.131667
2025-03-13 11:00:00,94.615833
2025-03-13 12:00:00,96.806667
2025-03-13 13:00:00,102.3825
2025-03-13 14:00:00,108.62
2025-03-13 15:00:00,129.115
2025-03-13 16:00:00,233.28833
2025-03-13 17:00:00,122.44167
2025-03-13 18:00:00,34.770833
2025-03-13 19:00:00,38.56
2025-03-13 20:00:00,13.5375
2025-03-13 21:00:00,11.795
2025-03-13 22:00:00,3.0991667
2025-03-13 23:00:00,33.305833
2025-03-14 00:00:00,56.494167
2025-03-14 01:00:00,87.685833
2025-03-14 02:00:00,130.98083
2025-03-14 03:00:00,1452.4567
2025-03-14 04:00:00,236.01
2025-03-14 05:00:00,211.02083
2025-03-14 06:00:00,148.4275
2025-03-14 07:00:00,147.95333
2025-03-14 08:00:00,137.71667
2025-03-14 09:00:00,149.02583
2025-03-14 10:00:00,127.2
2025-03-14 11:00:00,113.65833
2025-03-14 12:00:00,115.88167
2025-03-14 13:00:00,128.66833
2025-03-14 14:00:00,133.13083
2025-03-14 15:00:00,152.68083
2025-03-14 16:00:00,195.40833
2025-03-14 17:00:00,35.335
2025-03-14 18:00:00,26.424167
2025-03-14 19:00:00,14.373333
2025-03-14 20:00:00,-8.7833333
2025-03-14 21:00:00,5.9133333
2025-03-14 22:00:00,31.591667
2025-03-14 23:00:00,63.5025
2025-03-15 00:00:00,100.30333
2025-03-15 01:00:00,141.52333
2025-03-15 02:00:00,213.5525
2025-03-15 03:00:00,185.80333
2025-03-15 04:00:00,225.2825
2025-03-15 05:00:00,156.76833
2025-03-15 06:00:00,167.6275
2025-03-15 07:00:00,129.02083
2025-03-15 08:00:00,121.95583
2025-03-15 09:00:00,113.015
2025-03-15 10:00:00,106.01333
2025-03-15 11:00:00,104.03167
2025-03-15 12:00:00,103.06583
2025-03-15 13:00:00,109.70667
2025-03-15 14:00:00,115.1625
2025-03-15 15:00:00,124.98917
2025-03-15 16:00:00,119.51083
2025-03-15 17:00:00,20.473333
2025-03-15 18:00:00,9.375
2025-03-15 19:00:00,-4.0166667
2025-03-15 20:00:00,-1.2316667
2025-03-15 21:00:00,6.2858333
2025-03-15 22:00:00,27.4
2025-03-15 23:00:00,45.430833
2025-03-16 00:00:00,84.9475
2025-03-16 01:00:00,130.03583
2025-03-16 02:00:00,99.2175
2025-03-16 03:00:00,2869.2133
2025-03-16 04:00:00,3216.5942
2025-03-16 05:00:00,1572.92
2025-03-16 06:00:00,127.74
2025-03-16 07:00:00,131.80417
2025-03-16 08:00:00,138.53583
2025-03-16 09:00:00,150.29
2025-03-16 10:00:00,142.63583
2025-03-16 11:00:00,97.16
2025-03-16 12:00:00,81.496667
2025-03-16 13:00:00,76.568333
2025-03-16 14:00:00,77.458333
2025-03-16 15:00:00,66.248333
2025-03-16 16:00:00,47.1925
2025-03-16 17:00:00,-5.39
2025-03-16 18:00:00,-3.1825
2025-03-16 19:00:00,2.13
2025-03-16 20:00:00,-16.2325
2025-03-16 21:00:00,19.52
2025-03-16 22:00:00,11.249167
2025-03-16 23:00:00,0.38583333
2025-03-17 00:00:00,61.56
2025-03-17 01:00:00,13.170833
2025-03-17 02:00:00,35.250833
2025-03-17 03:00:00,102.125
2025-03-17 04:00:00,99.116667
2025-03-17 05:00:00,113.1375
2025-03-17 06:00:00,90.094167
2025-03-17 07:00:00,69.818333
2025-03-17 08:00:00,65.623333
2025-03-17 09:00:00,71.280833
2025-03-17 10:00:00,76.2725
2025-03-17 11:00:00,78.146667
2025-03-17 12:00:00,83.8625
2025-03-17 13:00:00,85.695
2025-03-17 14:00:00,79.915
2025-03-17 15:00:00,108.78333
2025-03-17 16:00:00,143.63583
2025-03-17 17:00:00,36.481667
2025-03-17 18:00:00,-10.045833
2025-03-17 19:00:00,-16.216667
2025-03-17 20:00:00,-24.593333
2025-03-17 21:00:00,-27.935
2025-03-17 22:00:00,-25.240833
2025-03-17 23:00:00,11.268333
2025-03-18 00:00:00,-6.5191667
2025-03-18 01:00:00,28.5825
2025-03-18 02:00:00,66.7175
2025-03-18 03:00:00,110.98833
2025-03-18 04:00:00,108.22083
2025-03-18 05:00:00,58.475833
2025-03-18 06:00:00,65.139167
2025-03-18 07:00:00,67.375833
2025-03-18 08:00:00,76.658333
2025-03-18 09:00:00,77.648333
2025-03-18 10:00:00,76.925
2025-03-18 11:00:00,77.0725
2025-03-18 12:00:00,76.688333
2025-03-18 13:00:00,79.721667
2025-03-18 14:00:00,78.809167
2025-03-18 15:00:00,97.9625
2025-03-18 16:00:00,110.1475
2025-03-18 17:00:00,77.569167
2025-03-18 18:00:00,42.058333
2025-03-18 19:00:00,26.141667
2025-03-18 20:00:00,4.3458333
2025-03-18 21:00:00,28.950833
2025-03-18 22:00:00,71.819167
2025-03-18 23:00:00,66.334167
2025-03-19 00:00:00,65.855
2025-03-19 01:00:00,97.799167
2025-03-19 02:00:00,68.744167
2025-03-19 03:00:00,119.6075
2025-03-19 04:00:00,97.665833
2025-03-19 05:00:00,83.610833
2025-03-19 06:00:00,88.400833
2025-03-19 07:00:00,110.90583
2025-03-19 08:00:00,111.01
2025-03-19 09:00:00,106.4825
2025-03-19 10:00:00,92.278333
2025-03-19 11:00:00,78.548333
2025-03-19 12:00:00,77.818333
2025-03-19 13:00:00,75.893333
2025-03-19 14:00:00,84.323333
2025-03-19 15:00:00,106.36333
2025-03-19 16:00:00,144.84667
2025-03-19 17:00:00,122.00917
2025-03-19 18:00:00,79.939167
2025-03-19 19:00:00,72.600833
2025-03-19 20:00:00,10.971667
2025-03-19 21:00:00,5.0391667
2025-03-19 22:00:00,-16.860833
2025-03-19 23:00:00,41.483333
2025-03-20 00:00:00,55.229167
2025-03-20 01:00:00,123.22083
2025-03-20 02:00:00,190.0475
2025-03-20 03:00:00,200.29
2025-03-20 04:00:00,279.7625
2025-03-20 05:00:00,179.4825
2025-03-20 06:00:00,119.9425
2025-03-20 07:00:00,163.27333
2025-03-20 08:00:00,125.89167
2025-03-20 09:00:00,120.02083
2025-03-20 10:00:00,109.28583
2025-03-20 11:00:00,74.275
2025-03-20 12:00:00,57.823333
2025-03-20 13:00:00,58.740833
2025-03-20 14:00:00,75.275833
2025-03-20 15:00:00,92.434167
2025-03-20 16:00:00,110.56
2025-03-20 17:00:00,84.379167
2025-03-20 18:00:00,49.511667
2025-03-20 19:00:00,33.249167
2025-03-20 20:00:00,6.3433333
2025-03-20 21:00:00,4.4808333
2025-03-20 22:00:00,30.504167
2025-03-20 23:00:00,65.665833
2025-03-21 00:00:00,79.820833
2025-03-21 01:00:00,179.36833
2025-03-21 02:00:00,160.68417
2025-03-21 03:00:00,210.4175
2025-03-21 04:00:00,152.40583
2025-03-21 05:00:00,151.36083
2025-03-21 06:00:00,148.07083
2025-03-21 07:00:00,133.46417
2025-03-21 08:00:00,107.6625
2025-03-21 09:00:00,106.105
2025-03-21 10:00:00,103.8125
2025-03-21 11:00:00,103.86
2025-03-21 12:00:00,101.06
2025-03-21 13:00:00,101.47667
2025-03-21 14:00:00,113.2925
2025-03-21 15:00:00,160.115
2025-03-21 16:00:00,223.7425
2025-03-21 17:00:00,164.04917
2025-03-21 18:00:00,161.73917
2025-03-21 19:00:00,139.45083
2025-03-21 20:00:00,105.15167
2025-03-21 21:00:00,89.410833
2025-03-21 22:00:00,47.765
2025-03-21 23:00:00,0.615
2025-03-22 00:00:00,10.585833
2025-03-22 01:00:00,60.0375
2025-03-22 02:00:00,88.379167
2025-03-22 03:00:00,193.08083
2025-03-22 04:00:00,273.52333
2025-03-22 05:00:00,155.33333
2025-03-22 06:00:00,152.52083
2025-03-22 07:00:00,137.16083
2025-03-22 08:00:00,142.4275
2025-03-22 09:00:00,147.59417
2025-03-22 10:00:00,148.95083
2025-03-22 11:00:00,150.335
2025-03-22 12:00:00,162.40167
2025-03-22 13:00:00,153.64167
2025-03-22 14:00:00,155.895
2025-03-22 15:00:00,166.7875
2025-03-22 16:00:00,191.32833
2025-03-22 17:00:00,98.438333
2025-03-22 18:00:00,67.821667
2025-03-22 19:00:00,6.57
2025-03-22 20:00:00,3.935
2025-03-22 21:00:00,50.0675
2025-03-22 22:00:00,-16.3875
2025-03-22 23:00:00,-7.5808333
2025-03-23 00:00:00,59.440833
2025-03-23 01:00:00,56.338333
2025-03-23 02:00:00,98.423333
2025-03-23 03:00:00,292.09917
2025-03-23 04:00:00,182.66083
2025-03-23 05:00:00,152.63083
2025-03-23 06:00:00,113.77583
2025-03-23 07:00:00,100.835
2025-03-23 08:00:00,96.189167
2025-03-23 09:00:00,101.66667
2025-03-23 10:00:00,100.48
2025-03-23 11:00:00,88.043333
2025-03-23 12:00:00,86.045
2025-03-23 13:00:00,85.673333
2025-03-23 14:00:00,94.415833
2025-03-23 15:00:00,96.819167
2025-03-23 16:00:00,91.033333
2025-03-23 17:00:00,67.626667
2025-03-23 18:00:00,40.660833
2025-03-23 19:00:00,53.9375
2025-03-23 20:00:00,57.4025
2025-03-23 21:00:00,56.7175
2025-03-23 22:00:00,66.55
2025-03-23 23:00:00,65.571667
2025-03-24 00:00:00,65.034167
2025-03-24 01:00:00,93.109167
2025-03-24 02:00:00,74.103333
2025-03-24 03:00:00,128.26833
2025-03-24 04:00:00,143.4925
2025-03-24 05:00:00,122.86
2025-03-24 06:00:00,89.631667
2025-03-24 07:00:00,92.344167
2025-03-24 08:00:00,86.036667
2025-03-24 09:00:00,86.425
2025-03-24 10:00:00,92.148333
2025-03-24 11:00:00,85.3775
2025-03-24 12:00:00,85.350833
2025-03-24 13:00:00,85.971667
2025-03-24 14:00:00,98.466667
2025-03-24 15:00:00,126.76917
2025-03-24 16:00:00,183.6
2025-03-24 17:00:00,132.98167
2025-03-24 18:00:00,83.711667
2025-03-24 19:00:00,86.6275
2025-03-24 20:00:00,76.750833
2025-03-24 21:00:00,74.748333
2025-03-24 22:00:00,77.839167
2025-03-24 23:00:00,51.594167
2025-03-25 00:00:00,41.396667
2025-03-25 01:00:00,72.355
2025-03-25 02:00:00,95.7325
2025-03-25 03:00:00,229.63417
2025-03-25 04:00:00,128.65917
2025-03-25 05:00:00,103.03
2025-03-25 06:00:00,100.06417
2025-03-25 07:00:00,73.526667
2025-03-25 08:00:00,73.421667
2025-03-25 09:00:00,80.1525
2025-03-25 10:00:00,75.616667
2025-03-25 11:00:00,72.2875
2025-03-25 12:00:00,56.75
2025-03-25 13:00:00,56.003333
2025-03-25 14:00:00,70.636667
2025-03-25 15:00:00,93.184167
2025-03-25 16:00:00,122.905
2025-03-25 17:00:00,84.809167
2025-03-25 18:00:00,56.728333
2025-03-25 19:00:00,70.623333
2025-03-25 20:00:00,67.438333
2025-03-25 21:00:00,82.7825
2025-03-25 22:00:00,67.326667
2025-03-25 23:00:00,54.343333
2025-03-26 00:00:00,91.714167
2025-03-26 01:00:00,97.688333
2025-03-26 02:00:00,111.115
2025-03-26 03:00:00,130.30583
2025-03-26 04:00:00,139.7375
2025-03-26 05:00:00,130.3375
2025-03-26 06:00:00,112.775
2025-03-26 07:00:00,105.33083
2025-03-26 08:00:00,101.76083
2025-03-26 09:00:00,96.030833
2025-03-26 10:00:00,84.983333
2025-03-26 11:00:00,80.945
2025-03-26 12:00:00,74.156667
2025-03-26 13:00:00,73.66
2025-03-26 14:00:00,86.9
2025-03-26 15:00:00,122.29417
2025-03-26 16:00:00,167.7575
2025-03-26 17:00:00,138.21083
2025-03-26 18:00:00,113.43417
2025-03-26 19:00:00,63.6775
2025-03-26 20:00:00,38.303333
2025-03-26 21:00:00,32.9275
2025-03-26 22:00:00,14.3875
2025-03-26 23:00:00,-9.5966667
2025-03-27 00:00:00,43.983333
2025-03-27 01:00:00,59.100833
2025-03-27 02:00:00,81.498333
2025-03-27 03:00:00,90.679167
2025-03-27 04:00:00,96.309167
2025-03-27 05:00:00,73.665
2025-03-27 06:00:00,59.891667
2025-03-27 07:00:00,65.4925
2025-03-27 08:00:00,62.303333
2025-03-27 09:00:00,60.62
2025-03-27 10:00:00,60.404167
2025-03-27 11:00:00,56.915833
2025-03-27 12:00:00,54.478333
2025-03-27 13:00:00,45.293333
2025-03-27 14:00:00,53.885833
2025-03-27 15:00:00,62.275
2025-03-27 16:00:00,97.715833
2025-03-27 17:00:00,89.034167
2025-03-27 18:00:00,74.595
2025-03-27 19:00:00,68.466667
2025-03-27 20:00:00,56.0575
2025-03-27 21:00:00,65.818333
2025-03-27 22:00:00,61.43
2025-03-27 23:00:00,61.399167
2025-03-28 00:00:00,69.5475
2025-03-28 01:00:00,78.220833
2025-03-28 02:00:00,100.60167
2025-03-28 03:00:00,139.08417
2025-03-28 04:00:00,134.53083
2025-03-28 05:00:00,94.145833
2025-03-28 06:00:00,74.890833
2025-03-28 07:00:00,76.296667
2025-03-28 08:00:00,78.115
2025-03-28 09:00:00,75.639167
2025-03-28 10:00:00,71.943333
2025-03-28 11:00:00,66.786667
2025-03-28 12:00:00,71.054167
2025-03-28 13:00:00,61.549167
2025-03-28 14:00:00,64.768333
2025-03-28 15:00:00,69.985
2025-03-28 16:00:00,94.76
2025-03-28 17:00:00,102.12583
2025-03-28 18:00:00,95.768333
2025-03-28 19:00:00,93.761667
2025-03-28 20:00:00,73.263333
2025-03-28 21:00:00,72.445
2025-03-28 22:00:00,70.570833
2025-03-28 23:00:00,74.86
2025-03-29 00:00:00,92.74
2025-03-29 01:00:00,129.65417
2025-03-29 02:00:00,118.4625
2025-03-29 03:00:00,130.41083
2025-03-29 04:00:00,129.795
2025-03-29 05:00:00,91.780833
2025-03-29 06:00:00,94.525833
2025-03-29 07:00:00,100.9075
2025-03-29 08:00:00,95.420833
2025-03-29 09:00:00,87.850833
2025-03-29 10:00:00,83.576667
2025-03-29 11:00:00,76.894167
2025-03-29 12:00:00,75.919167
2025-03-29 13:00:00,74.4425
2025-03-29 14:00:00,75.0325
2025-03-29 15:00:00,78.479167
2025-03-29 16:00:00,85.98
2025-03-29 17:00:00,111.13083
2025-03-29 18:00:00,111.2025
2025-03-29 19:00:00,91.536667
2025-03-29 20:00:00,86.323333
2025-03-29 21:00:00,66.1
2025-03-29 22:00:00,58.353333
2025-03-29 23:00:00,48.7875
2025-03-30 00:00:00,60.609167
2025-03-30 01:00:00,61.84
2025-03-30 02:00:00,72.8425
2025-03-30 03:00:00,104.97667
2025-03-30 04:00:00,97.363333
2025-03-30 05:00:00,75.8225
2025-03-30 06:00:00,66.765
2025-03-30 07:00:00,64.183333
2025-03-30 08:00:00,64.111667
2025-03-30 09:00:00,68.4625
2025-03-30 10:00:00,65.686667
2025-03-30 11:00:00,44.9575
2025-03-30 12:00:00,58.130833
2025-03-30 13:00:00,59.758333
2025-03-30 14:00:00,57.16
2025-03-30 15:00:00,58.3975
2025-03-30 16:00:00,69.654167
2025-03-30 17:00:00,47.483333
2025-03-30 18:00:00,9.6566667
2025-03-30 19:00:00,-21.513333
2025-03-30 20:00:00,-24.783333
2025-03-30 21:00:00,-24.5175
2025-03-30 22:00:00,-26.734167
2025-03-30 23:00:00,-12.855833
2025-03-31 00:00:00,22.399167
2025-03-31 01:00:00,64.475833
2025-03-31 02:00:00,91.085
2025-03-31 03:00:00,97.818333
2025-03-31 04:00:00,39.290833
2025-03-31 05:00:00,42.0
2025-03-31 06:00:00,52.434167
2025-03-31 07:00:00,40.594167
2025-03-31 08:00:00,68.156667
2025-03-31 09:00:00,73.3625
2025-03-31 10:00:00,75.741667
2025-03-31 11:00:00,77.640833
2025-03-31 12:00:00,77.36
2025-03-31 13:00:00,76.930833
2025-03-31 14:00:00,71.841667
2025-03-31 15:00:00,82.294167
2025-03-31 16:00:00,106.77167
2025-03-31 17:00:00,54.894167
2025-03-31 18:00:00,17.833333
2025-03-31 19:00:00,-7.6233333
2025-03-31 20:00:00,-19.77
2025-03-31 21:00:00,-8.0383333
2025-03-31 22:00:00,26.435
2025-03-31 23:00:00,43.513333
2025-04-01 00:00:00,58.4325
2025-04-01 01:00:00,47.775833
2025-04-01 02:00:00,64.753333
2025-04-01 03:00:00,60.031667
2025-04-01 04:00:00,80.749167
2025-04-01 05:00:00,76.685833
2025-04-01 06:00:00,76.096667
2025-04-01 07:00:00,74.501667
2025-04-01 08:00:00,65.245
2025-04-01 09:00:00,69.6
2025-04-01 10:00:00,56.775833
2025-04-01 11:00:00,55.3375
2025-04-01 12:00:00,55.4775
2025-04-01 13:00:00,57.241667
2025-04-01 14:00:00,57.8275
2025-04-01 15:00:00,83.918333
2025-04-01 16:00:00,113.21333
2025-04-01 17:00:00,78.438333
2025-04-01 18:00:00,33.019167
2025-04-01 19:00:00,54.265833
2025-04-01 20:00:00,10.050833
2025-04-01 21:00:00,53.8425
2025-04-01 22:00:00,22.478333
2025-04-01 23:00:00,39.805833
2025-04-02 00:00:00,56.34
2025-04-02 01:00:00,60.058333
2025-04-02 02:00:00,74.510833
2025-04-02 03:00:00,152.45583
2025-04-02 04:00:00,165.67833
2025-04-02 05:00:00,129.27667
2025-04-02 06:00:00,100.46083
2025-04-02 07:00:00,103.65
2025-04-02 08:00:00,104.76
2025-04-02 09:00:00,87.565
2025-04-02 10:00:00,96.921667
2025-04-02 11:00:00,96.671667
2025-04-02 12:00:00,103.30333
2025-04-02 13:00:00,106.41917
2025-04-02 14:00:00,135.72333
2025-04-02 15:00:00,193.49917
2025-04-02 16:00:00,294.26583
2025-04-02 17:00:00,216.54417
2025-04-02 18:00:00,136.28417
2025-04-02 19:00:00,82.890833
2025-04-02 20:00:00,24.406667
2025-04-02 21:00:00,12.374167
2025-04-02 22:00:00,9.6933333
2025-04-02 23:00:00,15.518333
2025-04-03 00:00:00,44.013333
2025-04-03 01:00:00,71.891667
2025-04-03 02:00:00,89.678333
2025-04-03 03:00:00,194.1275
2025-04-03 04:00:00,207.69833
2025-04-03 05:00:00,153.15333
2025-04-03 06:00:00,146.81
2025-04-03 07:00:00,126.0075
2025-04-03 08:00:00,146.31833
2025-04-03 09:00:00,153.13083
2025-04-03 10:00:00,122.81917
2025-04-03 11:00:00,118.3175
2025-04-03 12:00:00,107.0975
2025-04-03 13:00:00,105.25917
2025-04-03 14:00:00,106.85167
2025-04-03 15:00:00,147.03667
2025-04-03 16:00:00,219.17167
2025-04-03 17:00:00,123.38583
2025-04-03 18:00:00,80.916667
2025-04-03 19:00:00,27.785833
2025-04-03 20:00:00,4.1108333
2025-04-03 21:00:00,-6.8066667
2025-04-03 22:00:00,-7.155
2025-04-03 23:00:00,28.1
2025-04-04 00:00:00,59.970833
2025-04-04 01:00:00,48.190833
2025-04-04 02:00:00,89.3
2025-04-04 03:00:00,216.5225
2025-04-04 04:00:00,196.0275
2025-04-04 05:00:00,155.77583
2025-04-04 06:00:00,140.8275
2025-04-04 07:00:00,116.09417
2025-04-04 08:00:00,114.56583
2025-04-04 09:00:00,123.485
2025-04-04 10:00:00,101.53333
2025-04-04 11:00:00,100.00167
2025-04-04 12:00:00,99.900833
2025-04-04 13:00:00,99.996667
2025-04-04 14:00:00,106.9225
2025-04-04 15:00:00,162.34167
2025-04-04 16:00:00,264.59833
2025-04-04 17:00:00,83.2625
2025-04-04 18:00:00,57.586667
2025-04-04 19:00:00,50.640833
2025-04-04 20:00:00,57.601667
2025-04-04 21:00:00,54.4725
2025-04-04 22:00:00,39.155833
2025-04-04 23:00:00,66.111667
2025-04-05 00:00:00,47.405833
2025-04-05 01:00:00,59.695
2025-04-05 02:00:00,137.98417
2025-04-05 03:00:00,216.22
2025-04-05 04:00:00,182.41
2025-04-05 05:00:00,341.25
2025-04-05 06:00:00,147.12583
2025-04-05 07:00:00,130.875
2025-04-05 08:00:00,129.65333
2025-04-05 09:00:00,124.93167
2025-04-05 10:00:00,102.5
2025-04-05 11:00:00,106.07333
2025-04-05 12:00:00,113.7425
2025-04-05 13:00:00,152.08417
2025-04-05 14:00:00,188.35667
2025-04-05 15:00:00,149.8375
2025-04-05 16:00:00,154.81167
2025-04-05 17:00:00,30.3975
2025-04-05 18:00:00,-17.293333
2025-04-05 19:00:00,-26.0125
2025-04-05 20:00:00,-32.283333
2025-04-05 21:00:00,-36.156667
2025-04-05 22:00:00,-36.008333
2025-04-05 23:00:00,-32.860833
2025-04-06 00:00:00,-25.806667
2025-04-06 01:00:00,20.508333
2025-04-06 02:00:00,64.390833
2025-04-06 03:00:00,214.4525
2025-04-06 04:00:00,197.26083
2025-04-06 05:00:00,177.305
2025-04-06 06:00:00,175.51583
2025-04-06 07:00:00,165.94333
2025-04-06 08:00:00,154.25583
2025-04-06 09:00:00,140.75833
2025-04-06 10:00:00,116.87167
2025-04-06 11:00:00,92.0425
2025-04-06 12:00:00,90.005
2025-04-06 13:00:00,110.03667
2025-04-06 14:00:00,104.64
2025-04-06 15:00:00,110.91917
2025-04-06 16:00:00,95.783333
2025-04-06 17:00:00,2.9533333
2025-04-06 18:00:00,-8.7066667
2025-04-06 19:00:00,-28.386667
2025-04-06 20:00:00,-28.745833
2025-04-06 21:00:00,-28.9975
2025-04-06 22:00:00,-29.649167
2025-04-06 23:00:00,-26.6575
2025-04-07 00:00:00,-10.451667
2025-04-07 01:00:00,38.4325
2025-04-07 02:00:00,80.541667
2025-04-07 03:00:00,212.94333
2025-04-07 04:00:00,218.875
2025-04-07 05:00:00,143.725
2025-04-07 06:00:00,124.3775
2025-04-07 07:00:00,130.99083
2025-04-07 08:00:00,134.3225
2025-04-07 09:00:00,145.47583
2025-04-07 10:00:00,134.03833
2025-04-07 11:00:00,114.15
2025-04-07 12:00:00,110.59333
2025-04-07 13:00:00,106.34417
2025-04-07 14:00:00,83.903333
2025-04-07 15:00:00,100.55417
2025-04-07 16:00:00,122.725
2025-04-07 17:00:00,3.9058333
2025-04-07 18:00:00,5.6983333
2025-04-07 19:00:00,-24.755833
2025-04-07 20:00:00,-29.069167
2025-04-07 21:00:00,-30.73
2025-04-07 22:00:00,-30.2025
2025-04-07 23:00:00,-26.22
2025-04-08 00:00:00,-21.118333
2025-04-08 01:00:00,38.593333
2025-04-08 02:00:00,139.40083
2025-04-08 03:00:00,2507.8742
2025-04-08 04:00:00,620.8975
2025-04-08 05:00:00,204.935
2025-04-08 06:00:00,195.68917
2025-04-08 07:00:00,234.71667
2025-04-08 08:00:00,277.77583
2025-04-08 09:00:00,285.56833
2025-04-08 10:00:00,187.97167
2025-04-08 11:00:00,173.2225
2025-04-08 12:00:00,159.56917
2025-04-08 13:00:00,159.89333
2025-04-08 14:00:00,169.81833
2025-04-08 15:00:00,175.74083
2025-04-08 16:00:00,288.46917
2025-04-08 17:00:00,86.364167
2025-04-08 18:00:00,43.631667
2025-04-08 19:00:00,50.265
2025-04-08 20:00:00,34.6125
2025-04-08 21:00:00,29.190833
2025-04-08 22:00:00,29.6225
2025-04-08 23:00:00,31.735833
2025-04-09 00:00:00,47.228333
2025-04-09 01:00:00,68.25
2025-04-09 02:00:00,139.73083
2025-04-09 03:00:00,306.88833
2025-04-09 04:00:00,226.25333
2025-04-09 05:00:00,159.16667
2025-04-09 06:00:00,155.3375
2025-04-09 07:00:00,143.75
2025-04-09 08:00:00,153.93583
2025-04-09 09:00:00,151.00917
2025-04-09 10:00:00,138.8475
2025-04-09 11:00:00,133.71583
2025-04-09 12:00:00,122.6525
2025-04-09 13:00:00,127.06417
2025-04-09 14:00:00,135.4325
2025-04-09 15:00:00,153.62333
2025-04-09 16:00:00,200.77167
2025-04-09 17:00:00,84.2375
2025-04-09 18:00:00,56.984167
2025-04-09 19:00:00,36.555833
2025-04-09 20:00:00,45.0325
2025-04-09 21:00:00,44.059167
2025-04-09 22:00:00,34.446667
2025-04-09 23:00:00,55.799167
2025-04-10 00:00:00,81.71
2025-04-10 01:00:00,95.981667
2025-04-10 02:00:00,195.53583
2025-04-10 03:00:00,4605.2083
2025-04-10 04:00:00,221.74917
2025-04-10 05:00:00,220.48083
2025-04-10 06:00:00,225.085
2025-04-10 07:00:00,157.02333
2025-04-10 08:00:00,153.42917
2025-04-10 09:00:00,141.19417
2025-04-10 10:00:00,124.72
2025-04-10 11:00:00,112.22167
2025-04-10 12:00:00,92.370833
2025-04-10 13:00:00,92.924167
2025-04-10 14:00:00,89.6575
2025-04-10 15:00:00,109.80167
2025-04-10 16:00:00,147.7775
2025-04-10 17:00:00,99.02
2025-04-10 18:00:00,77.640833
2025-04-10 19:00:00,47.310833
2025-04-10 20:00:00,4.3458333
2025-04-10 21:00:00,-0.39583333
2025-04-10 22:00:00,-1.1491667
2025-04-10 23:00:00,23.3625
2025-04-11 00:00:00,58.436667
2025-04-11 01:00:00,64.821667
2025-04-11 02:00:00,137.27167
2025-04-11 03:00:00,532.86167
2025-04-11 04:00:00,360.3175
2025-04-11 05:00:00,160.5475
2025-04-11 06:00:00,144.4
2025-04-11 07:00:00,118.52917
2025-04-11 08:00:00,110.78083
2025-04-11 09:00:00,113.87417
2025-04-11 10:00:00,122.5775
2025-04-11 11:00:00,119.23167
2025-04-11 12:00:00,111.77583
2025-04-11 13:00:00,97.521667
2025-04-11 14:00:00,118.81667
2025-04-11 15:00:00,144.69
2025-04-11 16:00:00,193.75667
2025-04-11 17:00:00,83.103333
2025-04-11 18:00:00,28.355
2025-04-11 19:00:00,1.2816667
2025-04-11 20:00:00,-13.9325
2025-04-11 21:00:00,-15.671667
2025-04-11 22:00:00,0.033333333
2025-04-11 23:00:00,19.05
2025-04-12 00:00:00,72.961667
2025-04-12 01:00:00,90.965833
2025-04-12 02:00:00,149.63333
2025-04-12 03:00:00,277.38167
2025-04-12 04:00:00,150.1825
2025-04-12 05:00:00,117.1325
2025-04-12 06:00:00,108.08083
2025-04-12 07:00:00,111.51333
2025-04-12 08:00:00,106.06917
2025-04-12 09:00:00,105.70417
2025-04-12 10:00:00,92.035
2025-04-12 11:00:00,77.336667
2025-04-12 12:00:00,69.370833
2025-04-12 13:00:00,67.705833
2025-04-12 14:00:00,76.750833
2025-04-12 15:00:00,76.0175
2025-04-12 16:00:00,97.464167
2025-04-12 17:00:00,25.693333
2025-04-12 18:00:00,-4.6758333
2025-04-12 19:00:00,-2.1333333
2025-04-12 20:00:00,-10.7975
2025-04-12 21:00:00,-5.4791667
2025-04-12 22:00:00,-1.3
2025-04-12 23:00:00,29.07
2025-04-13 00:00:00,49.054167
2025-04-13 01:00:00,56.528333
2025-04-13 02:00:00,134.03
2025-04-13 03:00:00,349.12583
2025-04-13 04:00:00,274.67833
2025-04-13 05:00:00,196.925
2025-04-13 06:00:00,173.2
2025-04-13 07:00:00,142.0125
2025-04-13 08:00:00,130.74417
2025-04-13 09:00:00,93.583333
2025-04-13 10:00:00,83.600833
2025-04-13 11:00:00,87.1875
2025-04-13 12:00:00,96.774167
2025-04-13 13:00:00,102.345
2025-04-13 14:00:00,83.3725
2025-04-13 15:00:00,79.288333
2025-04-13 16:00:00,70.4975
2025-04-13 17:00:00,5.05
2025-04-13 18:00:00,-21.086667
2025-04-13 19:00:00,-23.109167
2025-04-13 20:00:00,-24.9775
2025-04-13 21:00:00,-27.3
2025-04-13 22:00:00,-24.940833
2025-04-13 23:00:00,-23.28
2025-04-14 00:00:00,-13.149167
2025-04-14 01:00:00,41.3775
2025-04-14 02:00:00,105.48917
2025-04-14 03:00:00,192.00167
2025-04-14 04:00:00,181.12083
2025-04-14 05:00:00,160.72167
2025-04-14 06:00:00,148.67583
2025-04-14 07:00:00,152.5475
2025-04-14 08:00:00,153.605
2025-04-14 09:00:00,149.38417
2025-04-14 10:00:00,140.80083
2025-04-14 11:00:00,121.43667
2025-04-14 12:00:00,114.38333
2025-04-14 13:00:00,107.40667
2025-04-14 14:00:00,106.9125
2025-04-14 15:00:00,118.355
2025-04-14 16:00:00,144.68417
2025-04-14 17:00:00,84.76
2025-04-14 18:00:00,7.0708333
2025-04-14 19:00:00,10.6625
2025-04-14 20:00:00,8.0716667
2025-04-14 21:00:00,15.77
2025-04-14 22:00:00,18.635833
2025-04-14 23:00:00,38.539167
2025-04-15 00:00:00,43.6425
2025-04-15 01:00:00,52.634167
2025-04-15 02:00:00,105.005
2025-04-15 03:00:00,227.55667
2025-04-15 04:00:00,158.32167
2025-04-15 05:00:00,109.5725
2025-04-15 06:00:00,109.2075
2025-04-15 07:00:00,87.653333
2025-04-15 08:00:00,89.35
2025-04-15 09:00:00,80.3075
2025-04-15 10:00:00,75.835
2025-04-15 11:00:00,66.154167
2025-04-15 12:00:00,58.5625
2025-04-15 13:00:00,70.365833
2025-04-15 14:00:00,76.514167
2025-04-15 15:00:00,77.898333
2025-04-15 16:00:00,126.15
2025-04-15 17:00:00,59.143333
2025-04-15 18:00:00,30.063333
2025-04-15 19:00:00,31.33
2025-04-15 20:00:00,11.565
2025-04-15 21:00:00,27.538333
2025-04-15 22:00:00,38.096667
2025-04-15 23:00:00,-1.9125
2025-04-16 00:00:00,88.365
2025-04-16 01:00:00,84.8875
2025-04-16 02:00:00,152.94417
2025-04-16 03:00:00,245.11
2025-04-16 04:00:00,194.78833
2025-04-16 05:00:00,159.25167
2025-04-16 06:00:00,159.16583
2025-04-16 07:00:00,151.16917
2025-04-16 08:00:00,149.09667
2025-04-16 09:00:00,140.81333
2025-04-16 10:00:00,121.04667
2025-04-16 11:00:00,108.70083
2025-04-16 12:00:00,103.395
2025-04-16 13:00:00,95.764167
2025-04-16 14:00:00,91.325
2025-04-16 15:00:00,111.21667
2025-04-16 16:00:00,156.93833
2025-04-16 17:00:00,68.6425
2025-04-16 18:00:00,51.319167
2025-04-16 19:00:00,36.91
2025-04-16 20:00:00,36.7175
2025-04-16 21:00:00,40.620833
2025-04-16 22:00:00,33.496667
2025-04-16 23:00:00,20.620833
2025-04-17 00:00:00,36.165833
2025-04-17 01:00:00,78.723333
2025-04-17 02:00:00,193.17167
2025-04-17 03:00:00,282.2775
2025-04-17 04:00:00,241.34917
2025-04-17 05:00:00,155.13917
2025-04-17 06:00:00,155.7725
2025-04-17 07:00:00,155.65
2025-04-17 08:00:00,159.21167
2025-04-17 09:00:00,176.73333
2025-04-17 10:00:00,157.61333
2025-04-17 11:00:00,137.44833
2025-04-17 12:00:00,130.43167
2025-04-17 13:00:00,130.0825
2025-04-17 14:00:00,132.28083
2025-04-17 15:00:00,147.16167
2025-04-17 16:00:00,194.98667
2025-04-17 17:00:00,94.05
2025-04-17 18:00:00,20.126667
2025-04-17 19:00:00,40.5225
2025-04-17 20:00:00,34.8725
2025-04-17 21:00:00,29.120833
2025-04-17 22:00:00,27.0575
2025-04-17 23:00:00,65.673333
2025-04-18 00:00:00,54.7925
2025-04-18 01:00:00,68.764167
2025-04-18 02:00:00,187.92333
2025-04-18 03:00:00,299.98583
2025-04-18 04:00:00,280.84833
2025-04-18 05:00:00,197.82083
2025-04-18 06:00:00,174.19833
2025-04-18 07:00:00,197.19583
2025-04-18 08:00:00,242.88167
2025-04-18 09:00:00,225.42167
2025-04-18 10:00:00,179.25583
2025-04-18 11:00:00,158.49583
2025-04-18 12:00:00,141.00583
2025-04-18 13:00:00,141.86333
2025-04-18 14:00:00,146.69333
2025-04-18 15:00:00,144.95333
2025-04-18 16:00:00,143.74417
2025-04-18 17:00:00,39.191667
2025-04-18 18:00:00,-21.431667
2025-04-18 19:00:00,-23.913333
2025-04-18 20:00:00,-34.9075
2025-04-18 21:00:00,-36.928333
2025-04-18 22:00:00,-34.308333
2025-04-18 23:00:00,-29.864167
2025-04-19 00:00:00,-25.371667
2025-04-19 01:00:00,15.88
2025-04-19 02:00:00,129.3725
2025-04-19 03:00:00,225.59167
2025-04-19 04:00:00,188.6075
2025-04-19 05:00:00,166.9025
2025-04-19 06:00:00,161.76417
2025-04-19 07:00:00,158.25083
2025-04-19 08:00:00,156.8125
2025-04-19 09:00:00,152.31333
2025-04-19 10:00:00,130.4375
2025-04-19 11:00:00,105.2225
2025-04-19 12:00:00,86.595833
2025-04-19 13:00:00,92.6275
2025-04-19 14:00:00,97.918333
2025-04-19 15:00:00,97.625
2025-04-19 16:00:00,100.0075
2025-04-19 17:00:00,23.295833
2025-04-19 18:00:00,-9.0891667
2025-04-19 19:00:00,-23.975833
2025-04-19 20:00:00,-24.805
2025-04-19 21:00:00,-22.3275
2025-04-19 22:00:00,-22.9525
2025-04-19 23:00:00,-24.861667
2025-04-20 00:00:00,16.146667
2025-04-20 01:00:00,53.189167
2025-04-20 02:00:00,123.61667
2025-04-20 03:00:00,176.85833
2025-04-20 04:00:00,155.52167
2025-04-20 05:00:00,123.85167
2025-04-20 06:00:00,119.34417
2025-04-20 07:00:00,111.99417
2025-04-20 08:00:00,138.83417
2025-04-20 09:00:00,125.31
2025-04-20 10:00:00,99.27
2025-04-20 11:00:00,81.893333
2025-04-20 12:00:00,76.929167
2025-04-20 13:00:00,75.866667
2025-04-20 14:00:00,75.418333
2025-04-20 15:00:00,72.935833
2025-04-20 16:00:00,59.255
2025-04-20 17:00:00,0.92166667
2025-04-20 18:00:00,-19.7325
2025-04-20 19:00:00,-26.080833
2025-04-20 20:00:00,-27.913333
2025-04-20 21:00:00,-31.2325
2025-04-20 22:00:00,-32.175833
2025-04-20 23:00:00,-23.014167
2025-04-21 00:00:00,55.5025
2025-04-21 01:00:00,59.3775
2025-04-21 02:00:00,79.6625
2025-04-21 03:00:00,99.6625
2025-04-21 04:00:00,111.17833
2025-04-21 05:00:00,93.573333
2025-04-21 06:00:00,80.095833
2025-04-21 07:00:00,77.43
2025-04-21 08:00:00,72.345
2025-04-21 09:00:00,80.29
2025-04-21 10:00:00,82.010833
2025-04-21 11:00:00,76.745
2025-04-21 12:00:00,77.075833
2025-04-21 13:00:00,77.043333
2025-04-21 14:00:00,75.829167
2025-04-21 15:00:00,78.401667
2025-04-21 16:00:00,83.746667
2025-04-21 17:00:00,32.610833
2025-04-21 18:00:00,9.3958333
2025-04-21 19:00:00,-8.7633333
2025-04-21 20:00:00,-23.418333
2025-04-21 21:00:00,-23.489167
2025-04-21 22:00:00,-21.436667
2025-04-21 23:00:00,38.588333
2025-04-22 00:00:00,55.456667
2025-04-22 01:00:00,33.873333
2025-04-22 02:00:00,9.31
2025-04-22 03:00:00,85.4725
2025-04-22 04:00:00,101.61583
2025-04-22 05:00:00,86.2075
2025-04-22 06:00:00,81.275
2025-04-22 07:00:00,75.895833
2025-04-22 08:00:00,84.255833
2025-04-22 09:00:00,87.8525
2025-04-22 10:00:00,84.636667
2025-04-22 11:00:00,82.925
2025-04-22 12:00:00,79.028333
2025-04-22 13:00:00,88.286667
2025-04-22 14:00:00,78.334167
2025-04-22 15:00:00,78.728333
2025-04-22 16:00:00,113.79167
2025-04-22 17:00:00,54.415833
2025-04-22 18:00:00,5.8333333
2025-04-22 19:00:00,24.2325
2025-04-22 20:00:00,-10.318333
2025-04-22 21:00:00,33.235833
2025-04-22 22:00:00,34.665
2025-04-22 23:00:00,41.3525
2025-04-23 00:00:00,49.72
2025-04-23 01:00:00,52.128333
2025-04-23 02:00:00,80.703333
2025-04-23 03:00:00,201.62167
2025-04-23 04:00:00,122.2175
2025-04-23 05:00:00,79.9775
2025-04-23 06:00:00,62.6475
2025-04-23 07:00:00,76.810833
2025-04-23 08:00:00,73.49
2025-04-23 09:00:00,68.504167
2025-04-23 10:00:00,65.05
2025-04-23 11:00:00,55.673333
2025-04-23 12:00:00,54.445833
2025-04-23 13:00:00,56.915
2025-04-23 14:00:00,61.085833
2025-04-23 15:00:00,73.334167
2025-04-23 16:00:00,79.271667
2025-04-23 17:00:00,43.530833
2025-04-23 18:00:00,25.878333
2025-04-23 19:00:00,32.809167
2025-04-23 20:00:00,-12.864167
2025-04-23 21:00:00,-18.090833
2025-04-23 22:00:00,-5.6958333
2025-04-23 23:00:00,34.790833
2025-04-24 00:00:00,29.6375
2025-04-24 01:00:00,58.641667
2025-04-24 02:00:00,109.46167
2025-04-24 03:00:00,159.565
2025-04-24 04:00:00,155.3775
2025-04-24 05:00:00,132.4075
2025-04-24 06:00:00,122.09417
2025-04-24 07:00:00,101.01833
2025-04-24 08:00:00,97.91
2025-04-24 09:00:00,97.08
2025-04-24 10:00:00,88.9325
2025-04-24 11:00:00,84.7475
2025-04-24 12:00:00,77.633333
2025-04-24 13:00:00,76.179167
2025-04-24 14:00:00,77.141667
2025-04-24 15:00:00,85.5575
2025-04-24 16:00:00,105.94333
2025-04-24 17:00:00,50.655833
2025-04-24 18:00:00,24.033333
2025-04-24 19:00:00,42.718333
2025-04-24 20:00:00,12.063333
2025-04-24 21:00:00,32.5525
2025-04-24 22:00:00,10.513333
2025-04-24 23:00:00,26.026667
2025-04-25 00:00:00,49.363333
2025-04-25 01:00:00,68.68
2025-04-25 02:00:00,106.17167
2025-04-25 03:00:00,132.92083
2025-04-25 04:00:00,122.54167
2025-04-25 05:00:00,106.82417
2025-04-25 06:00:00,98.595833
2025-04-25 07:00:00,108.42083
2025-04-25 08:00:00,120.70833
2025-04-25 09:00:00,115.0575
2025-04-25 10:00:00,107.08833
2025-04-25 11:00:00,106.31583
2025-04-25 12:00:00,114.5925
2025-04-25 13:00:00,114.67083
2025-04-25 14:00:00,105.96833
2025-04-25 15:00:00,101.42583
2025-04-25 16:00:00,115.59417
2025-04-25 17:00:00,78.345
2025-04-25 18:00:00,29.590833
2025-04-25 19:00:00,11.913333
2025-04-25 20:00:00,24.193333
2025-04-25 21:00:00,29.5775
2025-04-25 22:00:00,48.5625
2025-04-25 23:00:00,47.741667
2025-04-26 00:00:00,47.375
2025-04-26 01:00:00,48.939167
2025-04-26 02:00:00,108.09
2025-04-26 03:00:00,143.9775
2025-04-26 04:00:00,136.525
2025-04-26 05:00:00,113.20667
2025-04-26 06:00:00,112.91
2025-04-26 07:00:00,112.0575
2025-04-26 08:00:00,126.76083
2025-04-26 09:00:00,132.85917
2025-04-26 10:00:00,115.04083
2025-04-26 11:00:00,104.56167
2025-04-26 12:00:00,103.28167
2025-04-26 13:00:00,106.87167
2025-04-26 14:00:00,118.46583
2025-04-26 15:00:00,119.6625
2025-04-26 16:00:00,123.07833
2025-04-26 17:00:00,97.111667
2025-04-26 18:00:00,74.933333
2025-04-26 19:00:00,55.814167
2025-04-26 20:00:00,52.3925
2025-04-26 21:00:00,69.709167
2025-04-26 22:00:00,52.056667
2025-04-26 23:00:00,65.0
2025-04-27 00:00:00,68.5775
2025-04-27 01:00:00,86.949167
2025-04-27 02:00:00,127.245
2025-04-27 03:00:00,155.0325
2025-04-27 04:00:00,153.65417
2025-04-27 05:00:00,131.4975
2025-04-27 06:00:00,149.77583
2025-04-27 07:00:00,147.40583
2025-04-27 08:00:00,131.09
2025-04-27 09:00:00,133.32333
2025-04-27 10:00:00,124.17
2025-04-27 11:00:00,104.0875
2025-04-27 12:00:00,98.191667
2025-04-27 13:00:00,102.4675
2025-04-27 14:00:00,99.485833
2025-04-27 15:00:00,111.94583
2025-04-27 16:00:00,119.71
2025-04-27 17:00:00,93.379167
2025-04-27 18:00:00,71.213333
2025-04-27 19:00:00,175.12167
2025-04-27 20:00:00,165.38167
2025-04-27 21:00:00,112.52333
2025-04-27 22:00:00,117.61083
2025-04-27 23:00:00,110.9225
2025-04-28 00:00:00,70.941667
2025-04-28 01:00:00,74.031667
2025-04-28 02:00:00,96.445
2025-04-28 03:00:00,162.06167
2025-04-28 04:00:00,162.37583
2025-04-28 05:00:00,137.595
2025-04-28 06:00:00,134.52417
2025-04-28 07:00:00,128.45417
2025-04-28 08:00:00,122.6375
2025-04-28 09:00:00,112.07167
2025-04-28 10:00:00,111.11917
2025-04-28 11:00:00,97.008333
2025-04-28 12:00:00,88.26
2025-04-28 13:00:00,87.896667
2025-04-28 14:00:00,98.19
2025-04-28 15:00:00,113.7875
2025-04-28 16:00:00,138.18167
2025-04-28 17:00:00,87.033333
2025-04-28 18:00:00,64.575833
2025-04-28 19:00:00,78.575833
2025-04-28 20:00:00,68.39
2025-04-28 21:00:00,55.5725
2025-04-28 22:00:00,61.145
2025-04-28 23:00:00,60.853333
2025-04-29 00:00:00,61.831667
2025-04-29 01:00:00,77.016667
2025-04-29 02:00:00,132.96833
2025-04-29 03:00:00,208.24667
2025-04-29 04:00:00,185.46583
2025-04-29 05:00:00,154.3075
2025-04-29 06:00:00,151.11667
2025-04-29 07:00:00,129.04083
2025-04-29 08:00:00,133.68167
2025-04-29 09:00:00,136.45333
2025-04-29 10:00:00,130.62917
2025-04-29 11:00:00,123.68667
2025-04-29 12:00:00,111.78167
2025-04-29 13:00:00,103.1775
2025-04-29 14:00:00,96.895
2025-04-29 15:00:00,106.95667
2025-04-29 16:00:00,136.87667
2025-04-29 17:00:00,92.569167
2025-04-29 18:00:00,9.6041667
2025-04-29 19:00:00,2.6208333
2025-04-29 20:00:00,5.795
2025-04-29 21:00:00,2.4633333
2025-04-29 22:00:00,22.73
2025-04-29 23:00:00,63.875
2025-04-30 00:00:00,57.9825
2025-04-30 01:00:00,60.7575
2025-04-30 02:00:00,110.3525
2025-04-30 03:00:00,159.08833
2025-04-30 04:00:00,138.2575
2025-04-30 05:00:00,122.55333
2025-04-30 06:00:00,126.83
2025-04-30 07:00:00,114.9
2025-04-30 08:00:00,117.73167
2025-04-30 09:00:00,113.35417
2025-04-30 10:00:00,82.905
2025-04-30 11:00:00,78.548333
2025-04-30 12:00:00,77.1075
2025-04-30 13:00:00,77.016667
2025-04-30 14:00:00,75.714167
2025-04-30 15:00:00,88.9025
2025-04-30 16:00:00,125.64917
2025-04-30 17:00:00,93.274167
2025-04-30 18:00:00,38.804167
2025-04-30 19:00:00,49.076667
2025-04-30 20:00:00,40.783333
2025-04-30 21:00:00,53.6425
2025-04-30 22:00:00,65.154167
2025-04-30 23:00:00,62.821667
2025-05-01 00:00:00,70.6175
2025-05-01 01:00:00,94.289167
2025-05-01 02:00:00,151.68
2025-05-01 03:00:00,187.77
2025-05-01 04:00:00,148.38333
2025-05-01 05:00:00,125.8475
2025-05-01 06:00:00,123.78167
2025-05-01 07:00:00,92.988333
2025-05-01 08:00:00,106.60167
2025-05-01 09:00:00,82.706667
2025-05-01 10:00:00,77.214167
2025-05-01 11:00:00,75.398333
2025-05-01 12:00:00,76.6875
2025-05-01 13:00:00,76.690833
2025-05-01 14:00:00,77.170833
2025-05-01 15:00:00,84.025
2025-05-01 16:00:00,138.81
2025-05-01 17:00:00,59.645833
2025-05-01 18:00:00,8.8366667
2025-05-01 19:00:00,-20.715833
2025-05-01 20:00:00,-21.805
2025-05-01 21:00:00,-23.783333
2025-05-01 22:00:00,-23.0375
2025-05-01 23:00:00,-14.414167
2025-05-02 00:00:00,25.705833
2025-05-02 01:00:00,45.659167
2025-05-02 02:00:00,147.62667
2025-05-02 03:00:00,215.05333
2025-05-02 04:00:00,196.16333
2025-05-02 05:00:00,150.05167
2025-05-02 06:00:00,135.27333
2025-05-02 07:00:00,101.83917
2025-05-02 08:00:00,105.295
2025-05-02 09:00:00,96.4625
2025-05-02 10:00:00,104.24167
2025-05-02 11:00:00,84.8975
2025-05-02 12:00:00,82.2275
2025-05-02 13:00:00,85.340833
2025-05-02 14:00:00,85.485
2025-05-02 15:00:00,94.636667
2025-05-02 16:00:00,149.76583
2025-05-02 17:00:00,65.774167
2025-05-02 18:00:00,36.675833
2025-05-02 19:00:00,46.216667
2025-05-02 20:00:00,28.78
2025-05-02 21:00:00,33.74
2025-05-02 22:00:00,38.2575
2025-05-02 23:00:00,41.6025
2025-05-03 00:00:00,47.208333
2025-05-03 01:00:00,64.965
2025-05-03 02:00:00,154.27083
2025-05-03 03:00:00,272.48
2025-05-03 04:00:00,238.06167
2025-05-03 05:00:00,148.16333
2025-05-03 06:00:00,141.04333
2025-05-03 07:00:00,121.0525
2025-05-03 08:00:00,129.675
2025-05-03 09:00:00,113.07417
2025-05-03 10:00:00,85.084167
2025-05-03 11:00:00,76.5225
2025-05-03 12:00:00,75.686667
2025-05-03 13:00:00,76.470833
2025-05-03 14:00:00,74.5975
2025-05-03 15:00:00,76.8275
2025-05-03 16:00:00,78.804167
2025-05-03 17:00:00,50.345
2025-05-03 18:00:00,-6.8566667
2025-05-03 19:00:00,-17.631667
2025-05-03 20:00:00,-23.304167
2025-05-03 21:00:00,-26.250833
2025-05-03 22:00:00,-24.988333
2025-05-03 23:00:00,-21.7
2025-05-04 00:00:00,20.8725
2025-05-04 01:00:00,27.315
2025-05-04 02:00:00,72.1075
2025-05-04 03:00:00,113.3225
2025-05-04 04:00:00,101.6475
2025-05-04 05:00:00,78.1025
2025-05-04 06:00:00,77.070833
2025-05-04 07:00:00,71.594167
2025-05-04 08:00:00,72.160833
2025-05-04 09:00:00,74.619167
2025-05-04 10:00:00,74.618333
2025-05-04 11:00:00,69.913333
2025-05-04 12:00:00,58.76
2025-05-04 13:00:00,61.99
2025-05-04 14:00:00,71.389167
2025-05-04 15:00:00,72.366667
2025-05-04 16:00:00,72.834167
2025-05-04 17:00:00,28.1475
2025-05-04 18:00:00,-18.393333
2025-05-04 19:00:00,-15.215
2025-05-04 20:00:00,-23.160833
2025-05-04 21:00:00,-24.804167
2025-05-04 22:00:00,-26.796667
2025-05-04 23:00:00,-24.993333
2025-05-05 00:00:00,-3.0908333
2025-05-05 01:00:00,46.55
2025-05-05 02:00:00,94.044167
2025-05-05 03:00:00,154.83167
2025-05-05 04:00:00,147.28
2025-05-05 05:00:00,122.03833
2025-05-05 06:00:00,108.88917
2025-05-05 07:00:00,78.379167
2025-05-05 08:00:00,76.409167
2025-05-05 09:00:00,76.106667
2025-05-05 10:00:00,77.2175
2025-05-05 11:00:00,75.195
2025-05-05 12:00:00,75.68
2025-05-05 13:00:00,72.189167
2025-05-05 14:00:00,76.4275
2025-05-05 15:00:00,76.855
2025-05-05 16:00:00,81.191667
2025-05-05 17:00:00,67.86
2025-05-05 18:00:00,30.734167
2025-05-05 19:00:00,21.414167
2025-05-05 20:00:00,-7.1908333
2025-05-05 21:00:00,-15.421667
2025-05-05 22:00:00,-17.944167
2025-05-05 23:00:00,8.9391667
2025-05-06 00:00:00,28.558333
2025-05-06 01:00:00,75.984167
2025-05-06 02:00:00,118.61167
2025-05-06 03:00:00,214.19833
2025-05-06 04:00:00,245.72833
2025-05-06 05:00:00,150.23917
2025-05-06 06:00:00,139.7075
2025-05-06 07:00:00,91.199167
2025-05-06 08:00:00,83.295
2025-05-06 09:00:00,77.105833
2025-05-06 10:00:00,74.171667
2025-05-06 11:00:00,76.390833
2025-05-06 12:00:00,61.160833
2025-05-06 13:00:00,58.829167
2025-05-06 14:00:00,68.920833
2025-05-06 15:00:00,78.005
2025-05-06 16:00:00,132.74
2025-05-06 17:00:00,73.656667
2025-05-06 18:00:00,6.2458333
2025-05-06 19:00:00,22.754167
2025-05-06 20:00:00,4.0633333
2025-05-06 21:00:00,10.4025
2025-05-06 22:00:00,27.433333
2025-05-06 23:00:00,11.21
2025-05-07 00:00:00,18.265
2025-05-07 01:00:00,53.2325
2025-05-07 02:00:00,109.7675
2025-05-07 03:00:00,174.57083
2025-05-07 04:00:00,118.54417
2025-05-07 05:00:00,94.836667
2025-05-07 06:00:00,81.795833
2025-05-07 07:00:00,62.081667
2025-05-07 08:00:00,68.475
2025-05-07 09:00:00,72.119167
2025-05-07 10:00:00,75.718333
2025-05-07 11:00:00,64.705833
2025-05-07 12:00:00,57.163333
2025-05-07 13:00:00,56.9375
2025-05-07 14:00:00,58.040833
2025-05-07 15:00:00,68.6225
2025-05-07 16:00:00,98.27
2025-05-07 17:00:00,41.204167
2025-05-07 18:00:00,-0.19333333
2025-05-07 19:00:00,-17.199167
2025-05-07 20:00:00,-22.263333
2025-05-07 21:00:00,-22.583333
2025-05-07 22:00:00,-23.265833
2025-05-07 23:00:00,-23.074167
2025-05-08 00:00:00,-17.260833
2025-05-08 01:00:00,45.975833
2025-05-08 02:00:00,77.070833
2025-05-08 03:00:00,169.3025
2025-05-08 04:00:00,114.38083
2025-05-08 05:00:00,91.6375
2025-05-08 06:00:00,79.96
2025-05-08 07:00:00,83.2325
2025-05-08 08:00:00,86.36
2025-05-08 09:00:00,84.53
2025-05-08 10:00:00,78.763333
2025-05-08 11:00:00,80.240833
2025-05-08 12:00:00,75.318333
2025-05-08 13:00:00,76.584167
2025-05-08 14:00:00,76.808333
2025-05-08 15:00:00,88.046667
2025-05-08 16:00:00,135.78167
2025-05-08 17:00:00,92.458333
2025-05-08 18:00:00,13.580833
2025-05-08 19:00:00,15.3625
2025-05-08 20:00:00,-5.1158333
2025-05-08 21:00:00,11.481667
2025-05-08 22:00:00,16.720833
2025-05-08 23:00:00,26.051667
2025-05-09 00:00:00,15.704167
2025-05-09 01:00:00,42.861667
2025-05-09 02:00:00,169.77333
2025-05-09 03:00:00,255.79667
2025-05-09 04:00:00,176.99583
2025-05-09 05:00:00,149.54583
2025-05-09 06:00:00,141.91417
2025-05-09 07:00:00,121.87583
2025-05-09 08:00:00,107.68583
2025-05-09 09:00:00,89.300833
2025-05-09 10:00:00,82.605833
2025-05-09 11:00:00,77.29
2025-05-09 12:00:00,75.658333
2025-05-09 13:00:00,76.595
2025-05-09 14:00:00,77.434167
2025-05-09 15:00:00,91.606667
2025-05-09 16:00:00,150.88667
2025-05-09 17:00:00,103.75
2025-05-09 18:00:00,29.350833
2025-05-09 19:00:00,36.188333
2025-05-09 20:00:00,34.743333
2025-05-09 21:00:00,38.701667
2025-05-09 22:00:00,56.581667
2025-05-09 23:00:00,59.320833
2025-05-10 00:00:00,57.635833
2025-05-10 01:00:00,81.703333
2025-05-10 02:00:00,173.30167
2025-05-10 03:00:00,197.57333
2025-05-10 04:00:00,164.38417
2025-05-10 05:00:00,122.33417
2025-05-10 06:00:00,140.7975
2025-05-10 07:00:00,144.75083
2025-05-10 08:00:00,155.98667
2025-05-10 09:00:00,138.36583
2025-05-10 10:00:00,112.285
2025-05-10 11:00:00,87.908333
2025-05-10 12:00:00,77.82
2025-05-10 13:00:00,76.2
2025-05-10 14:00:00,73.170833
2025-05-10 15:00:00,77.865
2025-05-10 16:00:00,96.586667
2025-05-10 17:00:00,53.096667
2025-05-10 18:00:00,22.565
2025-05-10 19:00:00,-3.065
2025-05-10 20:00:00,-1.89
2025-05-10 21:00:00,-8.5408333
2025-05-10 22:00:00,-0.51416667
2025-05-10 23:00:00,20.349167
2025-05-11 00:00:00,30.378333
2025-05-11 01:00:00,59.895
2025-05-11 02:00:00,121.52333
2025-05-11 03:00:00,155.55667
2025-05-11 04:00:00,128.79
2025-05-11 05:00:00,130.42667
2025-05-11 06:00:00,124.56167
2025-05-11 07:00:00,128.23833
2025-05-11 08:00:00,142.81083
2025-05-11 09:00:00,111.5775
2025-05-11 10:00:00,99.778333
2025-05-11 11:00:00,105.70833
2025-05-11 12:00:00,82.460833
2025-05-11 13:00:00,74.6075
2025-05-11 14:00:00,60.585833
2025-05-11 15:00:00,58.013333
2025-05-11 16:00:00,78.818333
2025-05-11 17:00:00,78.788333
2025-05-11 18:00:00,16.06
2025-05-11 19:00:00,9.4008333
2025-05-11 20:00:00,8.0616667
2025-05-11 21:00:00,16.5725
2025-05-11 22:00:00,54.783333
2025-05-11 23:00:00,45.2425
2025-05-12 00:00:00,66.393333
2025-05-12 01:00:00,63.745
2025-05-12 02:00:00,150.53
2025-05-12 03:00:00,157.48333
2025-05-12 04:00:00,163.5625
2025-05-12 05:00:00,149.67667
2025-05-12 06:00:00,130.4625
2025-05-12 07:00:00,116.235
2025-05-12 08:00:00,105.94417
2025-05-12 09:00:00,104.65417
2025-05-12 10:00:00,104.18917
2025-05-12 11:00:00,99.748333
2025-05-12 12:00:00,95.838333
2025-05-12 13:00:00,102.455
2025-05-12 14:00:00,116.54417
2025-05-12 15:00:00,147.3375
2025-05-12 16:00:00,191.14083
2025-05-12 17:00:00,128.17583
2025-05-12 18:00:00,55.778333
2025-05-12 19:00:00,68.425
2025-05-12 20:00:00,51.495
2025-05-12 21:00:00,56.766667
2025-05-12 22:00:00,58.913333
2025-05-12 23:00:00,57.101667
2025-05-13 00:00:00,79.194167
2025-05-13 01:00:00,108.95417
2025-05-13 02:00:00,200.71
2025-05-13 03:00:00,206.76333
2025-05-13 04:00:00,167.68667
2025-05-13 05:00:00,136.29667
2025-05-13 06:00:00,132.08667
2025-05-13 07:00:00,140.42333
2025-05-13 08:00:00,134.61917
2025-05-13 09:00:00,115.05917
2025-05-13 10:00:00,101.98417
2025-05-13 11:00:00,103.0
2025-05-13 12:00:00,114.17083
2025-05-13 13:00:00,108.29417
2025-05-13 14:00:00,119.7325
2025-05-13 15:00:00,142.76333
2025-05-13 16:00:00,179.70167
2025-05-13 17:00:00,244.71417
2025-05-13 18:00:00,115.2325
2025-05-13 19:00:00,74.41
2025-05-13 20:00:00,53.0525
2025-05-13 21:00:00,46.386667
2025-05-13 22:00:00,44.169167
2025-05-13 23:00:00,63.120833
2025-05-14 00:00:00,69.439167
2025-05-14 01:00:00,98.1725
2025-05-14 02:00:00,5368.2233
2025-05-14 03:00:00,5154.4
2025-05-14 04:00:00,198.03833
2025-05-14 05:00:00,146.0525
2025-05-14 06:00:00,147.375
2025-05-14 07:00:00,142.72833
2025-05-14 08:00:00,134.07917
2025-05-14 09:00:00,120.54667
2025-05-14 10:00:00,112.49917
2025-05-14 11:00:00,102.12083
2025-05-14 12:00:00,82.546667
2025-05-14 13:00:00,81.7325
2025-05-14 14:00:00,92.37
2025-05-14 15:00:00,110.13167
2025-05-14 16:00:00,165.72917
2025-05-14 17:00:00,260.41917
2025-05-14 18:00:00,137.58917
2025-05-14 19:00:00,86.759167
2025-05-14 20:00:00,64.7125
2025-05-14 21:00:00,68.725833
2025-05-14 22:00:00,53.1575
2025-05-14 23:00:00,63.1725
2025-05-15 00:00:00,98.14
2025-05-15 01:00:00,145.96417
2025-05-15 02:00:00,1743.9542
2025-05-15 03:00:00,1561.8042
2025-05-15 04:00:00,195.53583
2025-05-15 05:00:00,187.85083
2025-05-15 06:00:00,182.235
2025-05-15 07:00:00,180.06333
2025-05-15 08:00:00,154.12
2025-05-15 09:00:00,145.34833
2025-05-15 10:00:00,121.64167
2025-05-15 11:00:00,116.5325
2025-05-15 12:00:00,100.075
2025-05-15 13:00:00,104.49583
2025-05-15 14:00:00,103.45917
2025-05-15 15:00:00,127.80667
2025-05-15 16:00:00,167.28583
2025-05-15 17:00:00,193.24667
2025-05-15 18:00:00,105.80833
2025-05-15 19:00:00,101.91167
2025-05-15 20:00:00,91.014167
2025-05-15 21:00:00,100.85667
2025-05-15 22:00:00,99.410833
2025-05-15 23:00:00,109.55833
2025-05-16 00:00:00,138.99583
2025-05-16 01:00:00,159.32
2025-05-16 02:00:00,274.93333
2025-05-16 03:00:00,244.08667
2025-05-16 04:00:00,224.79667
2025-05-16 05:00:00,200.7775
2025-05-16 06:00:00,166.00667
2025-05-16 07:00:00,165.44083
2025-05-16 08:00:00,173.9425
2025-05-16 09:00:00,151.27917
2025-05-16 10:00:00,138.54417
2025-05-16 11:00:00,128.80333
2025-05-16 12:00:00,122.11583
2025-05-16 13:00:00,120.92833
2025-05-16 14:00:00,127.13417
2025-05-16 15:00:00,145.03167
2025-05-16 16:00:00,190.50333
2025-05-16 17:00:00,250.3725
2025-05-16 18:00:00,129.72583
2025-05-16 19:00:00,109.75417
2025-05-16 20:00:00,112.56417
2025-05-16 21:00:00,84.46
2025-05-16 22:00:00,90.055833
2025-05-16 23:00:00,91.179167
2025-05-17 00:00:00,125.33917
2025-05-17 01:00:00,135.99917
2025-05-17 02:00:00,314.25833
2025-05-17 03:00:00,1378.1867
2025-05-17 04:00:00,190.86333
2025-05-17 05:00:00,187.42
2025-05-17 06:00:00,179.48917
2025-05-17 07:00:00,168.3425
2025-05-17 08:00:00,169.87
2025-05-17 09:00:00,175.34583
2025-05-17 10:00:00,149.84333
2025-05-17 11:00:00,133.31083
2025-05-17 12:00:00,149.71417
2025-05-17 13:00:00,161.9125
2025-05-17 14:00:00,171.82667
2025-05-17 15:00:00,167.19583
2025-05-17 16:00:00,169.0175
2025-05-17 17:00:00,160.4475
2025-05-17 18:00:00,107.65667
2025-05-17 19:00:00,83.4525
2025-05-17 20:00:00,63.1275
2025-05-17 21:00:00,42.89
2025-05-17 22:00:00,31.195833
2025-05-17 23:00:00,32.280833
2025-05-18 00:00:00,43.5825
2025-05-18 01:00:00,60.770833
2025-05-18 02:00:00,210.11
2025-05-18 03:00:00,212.0875
2025-05-18 04:00:00,123.89583
2025-05-18 05:00:00,121.01083
2025-05-18 06:00:00,118.48833
2025-05-18 07:00:00,96.483333
2025-05-18 08:00:00,117.8775
2025-05-18 09:00:00,104.86333
2025-05-18 10:00:00,76.986667
2025-05-18 11:00:00,76.089167
2025-05-18 12:00:00,76.938333
2025-05-18 13:00:00,76.6925
2025-05-18 14:00:00,70.889167
2025-05-18 15:00:00,70.994167
2025-05-18 16:00:00,80.245
2025-05-18 17:00:00,64.8225
2025-05-18 18:00:00,42.010833
2025-05-18 19:00:00,80.899167
2025-05-18 20:00:00,58.42
2025-05-18 21:00:00,55.935833
2025-05-18 22:00:00,45.9125
2025-05-18 23:00:00,47.75
2025-05-19 00:00:00,63.224167
2025-05-19 01:00:00,62.158333
2025-05-19 02:00:00,1349.8117
2025-05-19 03:00:00,597.98333
2025-05-19 04:00:00,166.40917
2025-05-19 05:00:00,117.51583
2025-05-19 06:00:00,121.6125
2025-05-19 07:00:00,99.643333
2025-05-19 08:00:00,82.1525
2025-05-19 09:00:00,73.6975
2025-05-19 10:00:00,68.126667
2025-05-19 11:00:00,71.840833
2025-05-19 12:00:00,71.1375
2025-05-19 13:00:00,67.055833
2025-05-19 14:00:00,66.013333
2025-05-19 15:00:00,69.448333
2025-05-19 16:00:00,128.23083
2025-05-19 17:00:00,122.97917
2025-05-19 18:00:00,97.936667
2025-05-19 19:00:00,60.83
2025-05-19 20:00:00,58.636667
2025-05-19 21:00:00,56.3875
2025-05-19 22:00:00,54.429167
2025-05-19 23:00:00,51.705
2025-05-20 00:00:00,48.5525
2025-05-20 01:00:00,66.291667
2025-05-20 02:00:00,160.17333
2025-05-20 03:00:00,300.62417
2025-05-20 04:00:00,252.27667
2025-05-20 05:00:00,195.52583
2025-05-20 06:00:00,163.98083
2025-05-20 07:00:00,124.74417
2025-05-20 08:00:00,117.53417
2025-05-20 09:00:00,89.303333
2025-05-20 10:00:00,83.973333
2025-05-20 11:00:00,83.8825
2025-05-20 12:00:00,82.350833
2025-05-20 13:00:00,76.729167
2025-05-20 14:00:00,78.244167
2025-05-20 15:00:00,84.844167
2025-05-20 16:00:00,134.41167
2025-05-20 17:00:00,121.57917
2025-05-20 18:00:00,51.1175
2025-05-20 19:00:00,56.806667
2025-05-20 20:00:00,41.6075
2025-05-20 21:00:00,38.609167
2025-05-20 22:00:00,30.6175
2025-05-20 23:00:00,44.1525
2025-05-21 00:00:00,59.316667
2025-05-21 01:00:00,72.110833
2025-05-21 02:00:00,186.13667
2025-05-21 03:00:00,278.08333
2025-05-21 04:00:00,262.54917
2025-05-21 05:00:00,178.46083
2025-05-21 06:00:00,140.95083
2025-05-21 07:00:00,110.43167
2025-05-21 08:00:00,97.370833
2025-05-21 09:00:00,87.550833
2025-05-21 10:00:00,82.266667
2025-05-21 11:00:00,81.151667
2025-05-21 12:00:00,84.433333
2025-05-21 13:00:00,86.511667
2025-05-21 14:00:00,102.41333
2025-05-21 15:00:00,104.65917
2025-05-21 16:00:00,193.73833
2025-05-21 17:00:00,176.4175
2025-05-21 18:00:00,72.990833
2025-05-21 19:00:00,71.050833
2025-05-21 20:00:00,82.901667
2025-05-21 21:00:00,102.20917
2025-05-21 22:00:00,104.27667
2025-05-21 23:00:00,110.09667
2025-05-22 00:00:00,114.05333
2025-05-22 01:00:00,150.88167
2025-05-22 02:00:00,192.75
2025-05-22 03:00:00,259.07167
2025-05-22 04:00:00,187.71083
2025-05-22 05:00:00,169.49083
2025-05-22 06:00:00,164.38083
2025-05-22 07:00:00,136.16583
2025-05-22 08:00:00,142.12333
2025-05-22 09:00:00,135.1775
2025-05-22 10:00:00,139.2675
2025-05-22 11:00:00,132.42417
2025-05-22 12:00:00,111.71833
2025-05-22 13:00:00,106.2325
2025-05-22 14:00:00,111.30083
2025-05-22 15:00:00,121.57417
2025-05-22 16:00:00,162.55
2025-05-22 17:00:00,168.855
2025-05-22 18:00:00,107.10583
2025-05-22 19:00:00,129.30833
2025-05-22 20:00:00,139.70667
2025-05-22 21:00:00,96.761667
2025-05-22 22:00:00,83.7375
2025-05-22 23:00:00,97.1075
2025-05-23 00:00:00,95.885833
2025-05-23 01:00:00,103.72333
2025-05-23 02:00:00,144.5725
2025-05-23 03:00:00,189.4775
2025-05-23 04:00:00,166.36667
2025-05-23 05:00:00,125.1
2025-05-23 06:00:00,117.895
2025-05-23 07:00:00,122.02417
2025-05-23 08:00:00,139.16
2025-05-23 09:00:00,139.75583
2025-05-23 10:00:00,143.85083
2025-05-23 11:00:00,115.38417
2025-05-23 12:00:00,111.5425
2025-05-23 13:00:00,106.54917
2025-05-23 14:00:00,104.18417
2025-05-23 15:00:00,131.56583
2025-05-23 16:00:00,176.54583
2025-05-23 17:00:00,152.10583
2025-05-23 18:00:00,143.8625
2025-05-23 19:00:00,135.01
2025-05-23 20:00:00,85.175833
2025-05-23 21:00:00,92.986667
2025-05-23 22:00:00,67.790833
2025-05-23 23:00:00,57.864167
2025-05-24 00:00:00,86.925
2025-05-24 01:00:00,101.365
2025-05-24 02:00:00,164.03417
2025-05-24 03:00:00,183.345
2025-05-24 04:00:00,148.505
2025-05-24 05:00:00,135.44833
2025-05-24 06:00:00,135.37917
2025-05-24 07:00:00,113.37167
2025-05-24 08:00:00,97.811667
2025-05-24 09:00:00,83.1825
2025-05-24 10:00:00,72.466667
2025-05-24 11:00:00,61.2525
2025-05-24 12:00:00,46.108333
2025-05-24 13:00:00,34.901667
2025-05-24 14:00:00,49.42
2025-05-24 15:00:00,46.925
2025-05-24 16:00:00,58.964167
2025-05-24 17:00:00,52.584167
2025-05-24 18:00:00,37.099167
2025-05-24 19:00:00,-13.105
2025-05-24 20:00:00,-20.52
2025-05-24 21:00:00,-24.3325
2025-05-24 22:00:00,-28.090833
2025-05-24 23:00:00,-28.838333
2025-05-25 00:00:00,-22.2525
2025-05-25 01:00:00,1.1783333
2025-05-25 02:00:00,69.7475
2025-05-25 03:00:00,110.09667
2025-05-25 04:00:00,104.07333
2025-05-25 05:00:00,100.58917
2025-05-25 06:00:00,74.3025
2025-05-25 07:00:00,68.235
2025-05-25 08:00:00,65.840833
2025-05-25 09:00:00,71.124167
2025-05-25 10:00:00,63.358333
2025-05-25 11:00:00,59.9475
2025-05-25 12:00:00,58.578333
2025-05-25 13:00:00,63.88
2025-05-25 14:00:00,67.7575
2025-05-25 15:00:00,73.6175
2025-05-25 16:00:00,76.3525
2025-05-25 17:00:00,69.054167
2025-05-25 18:00:00,44.285833
2025-05-25 19:00:00,26.769167
2025-05-25 20:00:00,-7.945
2025-05-25 21:00:00,-6.93
2025-05-25 22:00:00,-20.4175
2025-05-25 23:00:00,-11.824167
2025-05-26 00:00:00,26.728333
2025-05-26 01:00:00,58.724167
2025-05-26 02:00:00,107.6475
2025-05-26 03:00:00,137.7575
2025-05-26 04:00:00,140.92833
2025-05-26 05:00:00,116.80583
2025-05-26 06:00:00,94.440833
2025-05-26 07:00:00,76.876667
2025-05-26 08:00:00,78.485833
2025-05-26 09:00:00,69.211667
2025-05-26 10:00:00,65.594167
2025-05-26 11:00:00,64.388333
2025-05-26 12:00:00,69.066667
2025-05-26 13:00:00,72.3225
2025-05-26 14:00:00,68.888333
2025-05-26 15:00:00,72.999167
2025-05-26 16:00:00,124.37167
2025-05-26 17:00:00,167.52
2025-05-26 18:00:00,85.5875
2025-05-26 19:00:00,68.645833
2025-05-26 20:00:00,55.835
2025-05-26 21:00:00,50.656667
2025-05-26 22:00:00,59.029167
2025-05-26 23:00:00,69.974167
2025-05-27 00:00:00,72.056667
2025-05-27 01:00:00,78.424167
2025-05-27 02:00:00,130.16083
2025-05-27 03:00:00,185.98833
2025-05-27 04:00:00,93.603333
2025-05-27 05:00:00,80.178333
2025-05-27 06:00:00,64.358333
2025-05-27 07:00:00,60.4225
2025-05-27 08:00:00,54.730833
2025-05-27 09:00:00,50.341667
2025-05-27 10:00:00,43.399167
2025-05-27 11:00:00,45.004167
2025-05-27 12:00:00,47.35
2025-05-27 13:00:00,47.099167
2025-05-27 14:00:00,47.685
2025-05-27 15:00:00,55.281667
2025-05-27 16:00:00,64.276667
2025-05-27 17:00:00,68.836667
2025-05-27 18:00:00,70.906667
2025-05-27 19:00:00,48.155
2025-05-27 20:00:00,34.9825
2025-05-27 21:00:00,-6.425
2025-05-27 22:00:00,38.341667
2025-05-27 23:00:00,20.32
2025-05-28 00:00:00,40.4225
2025-05-28 01:00:00,20.900833
2025-05-28 02:00:00,71.464167
2025-05-28 03:00:00,96.175833
2025-05-28 04:00:00,109.0875
2025-05-28 05:00:00,101.04667
2025-05-28 06:00:00,89.3975
2025-05-28 07:00:00,76.256667
2025-05-28 08:00:00,65.239167
2025-05-28 09:00:00,63.963333
2025-05-28 10:00:00,59.17
2025-05-28 11:00:00,56.310833
2025-05-28 12:00:00,52.785833
2025-05-28 13:00:00,58.091667
2025-05-28 14:00:00,62.2775
2025-05-28 15:00:00,65.595833
2025-05-28 16:00:00,79.2175
2025-05-28 17:00:00,109.60667
2025-05-28 18:00:00,24.14
2025-05-28 19:00:00,9.6008333
2025-05-28 20:00:00,-17.73
2025-05-28 21:00:00,-18.941667
2025-05-28 22:00:00,-19.3075
2025-05-28 23:00:00,-8.7583333
2025-05-29 00:00:00,39.363333
2025-05-29 01:00:00,88.346667
2025-05-29 02:00:00,2539.1458
2025-05-29 03:00:00,2065.54
2025-05-29 04:00:00,178.80667
2025-05-29 05:00:00,131.84
2025-05-29 06:00:00,129.41167
2025-05-29 07:00:00,111.38667
2025-05-29 08:00:00,106.995
2025-05-29 09:00:00,92.768333
2025-05-29 10:00:00,80.530833
2025-05-29 11:00:00,73.5525
2025-05-29 12:00:00,75.956667
2025-05-29 13:00:00,72.535833
2025-05-29 14:00:00,75.7775
2025-05-29 15:00:00,81.439167
2025-05-29 16:00:00,112.04167
2025-05-29 17:00:00,155.06083
2025-05-29 18:00:00,152.65167
2025-05-29 19:00:00,128.04
2025-05-29 20:00:00,101.96917
2025-05-29 21:00:00,82.180833
2025-05-29 22:00:00,76.935833
2025-05-29 23:00:00,71.97
2025-05-30 00:00:00,106.8925
2025-05-30 01:00:00,121.0725
2025-05-30 02:00:00,242.34417
2025-05-30 03:00:00,416.07167
2025-05-30 04:00:00,212.12583
2025-05-30 05:00:00,188.04083
2025-05-30 06:00:00,186.08417
2025-05-30 07:00:00,117.28333
2025-05-30 08:00:00,114.85583
2025-05-30 09:00:00,126.74
2025-05-30 10:00:00,111.425
2025-05-30 11:00:00,94.3225
2025-05-30 12:00:00,83.033333
2025-05-30 13:00:00,84.439167
2025-05-30 14:00:00,84.169167
2025-05-30 15:00:00,93.4825
2025-05-30 16:00:00,128.15917
2025-05-30 17:00:00,184.63583
2025-05-30 18:00:00,123.81583
2025-05-30 19:00:00,97.414167
2025-05-30 20:00:00,89.103333
2025-05-30 21:00:00,87.9925
2025-05-30 22:00:00,84.275
2025-05-30 23:00:00,77.13
2025-05-31 00:00:00,93.396667
2025-05-31 01:00:00,125.7625
2025-05-31 02:00:00,180.43917
2025-05-31 03:00:00,223.805
2025-05-31 04:00:00,173.70833
2025-05-31 05:00:00,161.88167
2025-05-31 06:00:00,172.02
2025-05-31 07:00:00,147.24333
2025-05-31 08:00:00,160.63833
2025-05-31 09:00:00,138.8425
2025-05-31 10:00:00,118.32333
2025-05-31 11:00:00,112.57333
2025-05-31 12:00:00,114.10417
2025-05-31 13:00:00,116.75083
2025-05-31 14:00:00,123.84667
2025-05-31 15:00:00,131.855
2025-05-31 16:00:00,160.78417
2025-05-31 17:00:00,147.6025
2025-05-31 18:00:00,106.1125
2025-05-31 19:00:00,68.93
2025-05-31 20:00:00,70.993333
2025-05-31 21:00:00,70.7275
2025-05-31 22:00:00,67.7325
2025-05-31 23:00:00,64.453333
2025-06-01 00:00:00,68.053333
2025-06-01 01:00:00,91.826667
2025-06-01 02:00:00,190.19833
2025-06-01 03:00:00,259.72583
2025-06-01 04:00:00,196.36833
2025-06-01 05:00:00,177.66417
2025-06-01 06:00:00,185.35833
2025-06-01 07:00:00,167.51417
2025-06-01 08:00:00,173.65917
2025-06-01 09:00:00,157.8775
2025-06-01 10:00:00,146.3675
2025-06-01 11:00:00,116.90667
2025-06-01 12:00:00,80.381667
2025-06-01 13:00:00,80.470833
2025-06-01 14:00:00,73.016667
2025-06-01 15:00:00,71.775
2025-06-01 16:00:00,85.094167
2025-06-01 17:00:00,112.91083
2025-06-01 18:00:00,44.709167
2025-06-01 19:00:00,21.504167
2025-06-01 20:00:00,17.748333
2025-06-01 21:00:00,-7.71
2025-06-01 22:00:00,-2.7733333
2025-06-01 23:00:00,6.5158333
2025-06-02 00:00:00,29.1625
2025-06-02 01:00:00,75.99
2025-06-02 02:00:00,163.73583
2025-06-02 03:00:00,252.62917
2025-06-02 04:00:00,183.8675
2025-06-02 05:00:00,186.16417
2025-06-02 06:00:00,148.89667
2025-06-02 07:00:00,134.31333
2025-06-02 08:00:00,104.79833
2025-06-02 09:00:00,130.1725
2025-06-02 10:00:00,105.20583
2025-06-02 11:00:00,83.9125
2025-06-02 12:00:00,82.2375
2025-06-02 13:00:00,79.590833
2025-06-02 14:00:00,80.651667
2025-06-02 15:00:00,111.9725
2025-06-02 16:00:00,169.56333
2025-06-02 17:00:00,189.14667
2025-06-02 18:00:00,178.645
2025-06-02 19:00:00,120.04333
2025-06-02 20:00:00,109.36083
2025-06-02 21:00:00,91.870833
2025-06-02 22:00:00,90.810833
2025-06-02 23:00:00,85.353333
2025-06-03 00:00:00,125.87167
2025-06-03 01:00:00,184.06
2025-06-03 02:00:00,178.855
2025-06-03 03:00:00,217.15333
2025-06-03 04:00:00,178.26167
2025-06-03 05:00:00,166.59083
2025-06-03 06:00:00,171.15917
2025-06-03 07:00:00,148.82083
2025-06-03 08:00:00,123.7875
2025-06-03 09:00:00,121.08333
2025-06-03 10:00:00,105.60583
2025-06-03 11:00:00,98.135833
2025-06-03 12:00:00,108.22167
2025-06-03 13:00:00,113.14583
2025-06-03 14:00:00,109.81083
2025-06-03 15:00:00,97.988333
2025-06-03 16:00:00,170.05917
2025-06-03 17:00:00,246.49333
2025-06-03 18:00:00,162.56
2025-06-03 19:00:00,97.9825
2025-06-03 20:00:00,78.124167
2025-06-03 21:00:00,40.735833
2025-06-03 22:00:00,33.375833
2025-06-03 23:00:00,33.105
2025-06-04 00:00:00,29.798333
2025-06-04 01:00:00,59.491667
2025-06-04 02:00:00,150.50583
2025-06-04 03:00:00,195.24917
2025-06-04 04:00:00,200.91583
2025-06-04 05:00:00,153.67917
2025-06-04 06:00:00,144.39917
2025-06-04 07:00:00,121.63
2025-06-04 08:00:00,112.1475
2025-06-04 09:00:00,112.865
2025-06-04 10:00:00,96.665833
2025-06-04 11:00:00,80.904167
2025-06-04 12:00:00,76.188333
2025-06-04 13:00:00,70.89
2025-06-04 14:00:00,76.06
2025-06-04 15:00:00,88.019167
2025-06-04 16:00:00,134.01833
2025-06-04 17:00:00,167.555
2025-06-04 18:00:00,79.1475
2025-06-04 19:00:00,59.7675
2025-06-04 20:00:00,63.7275
2025-06-04 21:00:00,55.454167
2025-06-04 22:00:00,66.071667
2025-06-04 23:00:00,81.376667
2025-06-05 00:00:00,66.596667
2025-06-05 01:00:00,79.940833
2025-06-05 02:00:00,238.65833
2025-06-05 03:00:00,301.31167
2025-06-05 04:00:00,253.28417
2025-06-05 05:00:00,233.57583
2025-06-05 06:00:00,180.36333
2025-06-05 07:00:00,146.0225
2025-06-05 08:00:00,150.16333
2025-06-05 09:00:00,134.21083
2025-06-05 10:00:00,107.67917
2025-06-05 11:00:00,97.4775
2025-06-05 12:00:00,95.721667
2025-06-05 13:00:00,89.025833
2025-06-05 14:00:00,91.85
2025-06-05 15:00:00,111.27833
2025-06-05 16:00:00,217.115
2025-06-05 17:00:00,279.3425
2025-06-05 18:00:00,103.4075
2025-06-05 19:00:00,58.535833
2025-06-05 20:00:00,21.84
2025-06-05 21:00:00,24.953333
2025-06-05 22:00:00,50.6775
2025-06-05 23:00:00,43.89
2025-06-06 00:00:00,43.985833
2025-06-06 01:00:00,83.010833
2025-06-06 02:00:00,176.20333
2025-06-06 03:00:00,268.67417
2025-06-06 04:00:00,193.33917
2025-06-06 05:00:00,170.435
2025-06-06 06:00:00,181.83667
2025-06-06 07:00:00,143.495
2025-06-06 08:00:00,138.23833
2025-06-06 09:00:00,97.384167
2025-06-06 10:00:00,95.334167
2025-06-06 11:00:00,94.401667
2025-06-06 12:00:00,85.075833
2025-06-06 13:00:00,83.809167
2025-06-06 14:00:00,77.280833
2025-06-06 15:00:00,91.198333
2025-06-06 16:00:00,160.98417
2025-06-06 17:00:00,193.685
2025-06-06 18:00:00,99.174167
2025-06-06 19:00:00,84.5325
2025-06-06 20:00:00,62.858333
2025-06-06 21:00:00,66.309167
2025-06-06 22:00:00,70.369167
2025-06-06 23:00:00,84.391667
2025-06-07 00:00:00,77.426667
2025-06-07 01:00:00,92.9375
2025-06-07 02:00:00,152.89417
2025-06-07 03:00:00,161.71167
2025-06-07 04:00:00,147.605
2025-06-07 05:00:00,156.9825
2025-06-07 06:00:00,147.2
2025-06-07 07:00:00,102.33667
2025-06-07 08:00:00,94.328333
2025-06-07 09:00:00,90.168333
2025-06-07 10:00:00,79.0625
2025-06-07 11:00:00,56.590833
2025-06-07 12:00:00,49.795833
2025-06-07 13:00:00,44.071667
2025-06-07 14:00:00,40.825833
2025-06-07 15:00:00,42.055833
2025-06-07 16:00:00,58.7525
2025-06-07 17:00:00,60.055833
2025-06-07 18:00:00,47.590833
2025-06-07 19:00:00,31.959167
2025-06-07 20:00:00,8.0758333
2025-06-07 21:00:00,-15.895
2025-06-07 22:00:00,-15.3325
2025-06-07 23:00:00,-19.561667
2025-06-08 00:00:00,-16.328333
2025-06-08 01:00:00,27.495
2025-06-08 02:00:00,90.2725
2025-06-08 03:00:00,112.64833
2025-06-08 04:00:00,122.155
2025-06-08 05:00:00,98.026667
2025-06-08 06:00:00,83.9125
2025-06-08 07:00:00,76.9125
2025-06-08 08:00:00,80.191667
2025-06-08 09:00:00,79.279167
2025-06-08 10:00:00,76.755
2025-06-08 11:00:00,61.94
2025-06-08 12:00:00,59.050833
2025-06-08 13:00:00,57.011667
2025-06-08 14:00:00,57.013333
2025-06-08 15:00:00,56.983333
2025-06-08 16:00:00,57.919167
2025-06-08 17:00:00,44.638333
2025-06-08 18:00:00,-2.0683333
2025-06-08 19:00:00,-2.4375
2025-06-08 20:00:00,-12.086667
2025-06-08 21:00:00,-21.01
2025-06-08 22:00:00,-24.635
2025-06-08 23:00:00,-14.219167
2025-06-09 00:00:00,-13.043333
2025-06-09 01:00:00,16.551667
2025-06-09 02:00:00,86.071667
2025-06-09 03:00:00,115.4625
2025-06-09 04:00:00,103.81167
2025-06-09 05:00:00,97.418333
2025-06-09 06:00:00,95.501667
2025-06-09 07:00:00,87.145
2025-06-09 08:00:00,84.816667
2025-06-09 09:00:00,75.861667
2025-06-09 10:00:00,66.7075
2025-06-09 11:00:00,59.086667
2025-06-09 12:00:00,56.955833
2025-06-09 13:00:00,57.178333
2025-06-09 14:00:00,56.8475
2025-06-09 15:00:00,57.666667
2025-06-09 16:00:00,65.470833
2025-06-09 17:00:00,71.643333
2025-06-09 18:00:00,55.96
2025-06-09 19:00:00,51.179167
2025-06-09 20:00:00,44.196667
2025-06-09 21:00:00,13.314167
2025-06-09 22:00:00,52.6275
2025-06-09 23:00:00,58.8975
2025-06-10 00:00:00,93.495
2025-06-10 01:00:00,131.80333
2025-06-10 02:00:00,174.40917
2025-06-10 03:00:00,202.51167
2025-06-10 04:00:00,174.35833
2025-06-10 05:00:00,143.09417
2025-06-10 06:00:00,124.06583
2025-06-10 07:00:00,104.34583
2025-06-10 08:00:00,90.121667
2025-06-10 09:00:00,78.784167
2025-06-10 10:00:00,74.911667
2025-06-10 11:00:00,74.51
2025-06-10 12:00:00,66.900833
2025-06-10 13:00:00,70.310833
2025-06-10 14:00:00,86.8325
2025-06-10 15:00:00,104.9875
2025-06-10 16:00:00,203.57
2025-06-10 17:00:00,226.4775
2025-06-10 18:00:00,141.735
2025-06-10 19:00:00,50.214167
2025-06-10 20:00:00,41.530833
2025-06-10 21:00:00,16.993333
2025-06-10 22:00:00,41.361667
2025-06-10 23:00:00,54.3225
2025-06-11 00:00:00,61.375
2025-06-11 01:00:00,92.74
2025-06-11 02:00:00,209.78583
2025-06-11 03:00:00,284.23167
2025-06-11 04:00:00,293.22667
2025-06-11 05:00:00,280.93083
2025-06-11 06:00:00,246.41417
2025-06-11 07:00:00,177.15917
2025-06-11 08:00:00,162.39833
2025-06-11 09:00:00,108.15417
2025-06-11 10:00:00,103.61417
2025-06-11 11:00:00,93.373333
2025-06-11 12:00:00,96.258333
2025-06-11 13:00:00,107.55333
2025-06-11 14:00:00,127.32917
2025-06-11 15:00:00,157.37083
2025-06-11 16:00:00,268.70917
2025-06-11 17:00:00,274.69833
2025-06-11 18:00:00,128.46333
2025-06-11 19:00:00,66.420833
2025-06-11 20:00:00,37.465
2025-06-11 21:00:00,31.108333
2025-06-11 22:00:00,11.3425
2025-06-11 23:00:00,35.4875
2025-06-12 00:00:00,83.394167
2025-06-12 01:00:00,132.625
2025-06-12 02:00:00,284.02417
2025-06-12 03:00:00,4478.555
2025-06-12 04:00:00,3317.5492
2025-06-12 05:00:00,1324.2908
2025-06-12 06:00:00,658.69667
2025-06-12 07:00:00,331.0425
2025-06-12 08:00:00,263.82
2025-06-12 09:00:00,229.98667
2025-06-12 10:00:00,180.60167
2025-06-12 11:00:00,160.86667
2025-06-12 12:00:00,152.3725
2025-06-12 13:00:00,165.49417
2025-06-12 14:00:00,181.19583
2025-06-12 15:00:00,258.86333
2025-06-12 16:00:00,307.07
2025-06-12 17:00:00,374.25917
2025-06-12 18:00:00,213.12917
2025-06-12 19:00:00,109.28417
2025-06-12 20:00:00,115.55417
2025-06-12 21:00:00,-4.9175
2025-06-12 22:00:00,45.971667
2025-06-12 23:00:00,68.389167
2025-06-13 00:00:00,133.5825
2025-06-13 01:00:00,285.97083
2025-06-13 02:00:00,738.55833
2025-06-13 03:00:00,8858.895
2025-06-13 04:00:00,9231.3925
2025-06-13 05:00:00,12597.254
2025-06-13 06:00:00,4632.1425
2025-06-13 07:00:00,1268.4783
2025-06-13 08:00:00,299.99
2025-06-13 09:00:00,278.25583
2025-06-13 10:00:00,245.44333
2025-06-13 11:00:00,237.31083
2025-06-13 12:00:00,242.16083
2025-06-13 13:00:00,238.06167
2025-06-13 14:00:00,243.44333
2025-06-13 15:00:00,275.9975
2025-06-13 16:00:00,320.95333
2025-06-13 17:00:00,378.24667
2025-06-13 18:00:00,174.68833
2025-06-13 19:00:00,106.80833
2025-06-13 20:00:00,75.568333
2025-06-13 21:00:00,76.0
2025-06-13 22:00:00,97.814167
2025-06-13 23:00:00,102.79083
2025-06-14 00:00:00,89.2875
2025-06-14 01:00:00,88.9725
2025-06-14 02:00:00,269.41833
2025-06-14 03:00:00,306.53
2025-06-14 04:00:00,303.34
2025-06-14 05:00:00,334.43333
2025-06-14 06:00:00,274.16667
2025-06-14 07:00:00,232.14833
2025-06-14 08:00:00,188.9125
2025-06-14 09:00:00,148.45667
2025-06-14 10:00:00,133.1475
2025-06-14 11:00:00,106.79917
2025-06-14 12:00:00,97.575833
2025-06-14 13:00:00,87.245833
2025-06-14 14:00:00,87.956667
2025-06-14 15:00:00,87.0375
2025-06-14 16:00:00,106.02917
2025-06-14 17:00:00,117.33417
2025-06-14 18:00:00,62.230833
2025-06-14 19:00:00,31.053333
2025-06-14 20:00:00,38.5875
2025-06-14 21:00:00,1.5758333
2025-06-14 22:00:00,5.2458333
2025-06-14 23:00:00,42.350833
2025-06-15 00:00:00,54.4025
2025-06-15 01:00:00,69.879167
2025-06-15 02:00:00,100.61417
2025-06-15 03:00:00,152.13667
2025-06-15 04:00:00,166.25917
2025-06-15 05:00:00,180.72917
2025-06-15 06:00:00,155.36583
2025-06-15 07:00:00,110.49833
2025-06-15 08:00:00,121.35833
2025-06-15 09:00:00,105.775
2025-06-15 10:00:00,94.774167
2025-06-15 11:00:00,92.546667
2025-06-15 12:00:00,91.625
2025-06-15 13:00:00,92.204167
2025-06-15 14:00:00,95.33
2025-06-15 15:00:00,102.675
2025-06-15 16:00:00,116.04083
2025-06-15 17:00:00,103.0
2025-06-15 18:00:00,66.620833
2025-06-15 19:00:00,66.27
2025-06-15 20:00:00,65.734167
2025-06-15 21:00:00,57.87
2025-06-15 22:00:00,67.935
2025-06-15 23:00:00,104.13167
2025-06-16 00:00:00,135.455
2025-06-16 01:00:00,112.28583
2025-06-16 02:00:00,192.3475
2025-06-16 03:00:00,209.16167
2025-06-16 04:00:00,204.7725
2025-06-16 05:00:00,191.25333
2025-06-16 06:00:00,162.90833
2025-06-16 07:00:00,151.46167
2025-06-16 08:00:00,134.02
2025-06-16 09:00:00,96.358333
2025-06-16 10:00:00,94.381667
2025-06-16 11:00:00,91.748333
2025-06-16 12:00:00,88.793333
2025-06-16 13:00:00,88.405
2025-06-16 14:00:00,95.540833
2025-06-16 15:00:00,118.4575
2025-06-16 16:00:00,198.45583
2025-06-16 17:00:00,258.63417
2025-06-16 18:00:00,99.985
2025-06-16 19:00:00,65.475833
2025-06-16 20:00:00,63.5475
2025-06-16 21:00:00,49.3225
2025-06-16 22:00:00,53.12
2025-06-16 23:00:00,51.723333
2025-06-17 00:00:00,69.625
2025-06-17 01:00:00,99.2025
2025-06-17 02:00:00,186.1975
2025-06-17 03:00:00,215.33583
2025-06-17 04:00:00,195.54833
2025-06-17 05:00:00,189.26
2025-06-17 06:00:00,171.3575
2025-06-17 07:00:00,134.47083
2025-06-17 08:00:00,123.3
2025-06-17 09:00:00,91.698333
2025-06-17 10:00:00,80.443333
2025-06-17 11:00:00,78.903333
2025-06-17 12:00:00,77.745
2025-06-17 13:00:00,76.5975
2025-06-17 14:00:00,74.1625
2025-06-17 15:00:00,80.816667
2025-06-17 16:00:00,118.56917
2025-06-17 17:00:00,186.5725
2025-06-17 18:00:00,132.1525
2025-06-17 19:00:00,74.866667
2025-06-17 20:00:00,53.4075
2025-06-17 21:00:00,28.266667
2025-06-17 22:00:00,47.1725
2025-06-17 23:00:00,49.588333
2025-06-18 00:00:00,101.43583
2025-06-18 01:00:00,121.82417
2025-06-18 02:00:00,219.4575
2025-06-18 03:00:00,243.46583
2025-06-18 04:00:00,285.07167
2025-06-18 05:00:00,292.5275
2025-06-18 06:00:00,276.3175
2025-06-18 07:00:00,231.73417
2025-06-18 08:00:00,192.21167
2025-06-18 09:00:00,153.95667
2025-06-18 10:00:00,116.51417
2025-06-18 11:00:00,110.40583
2025-06-18 12:00:00,113.95833
2025-06-18 13:00:00,113.4
2025-06-18 14:00:00,127.92
2025-06-18 15:00:00,161.71
2025-06-18 16:00:00,233.59583
2025-06-18 17:00:00,284.48417
2025-06-18 18:00:00,139.6725
2025-06-18 19:00:00,87.344167
2025-06-18 20:00:00,48.205
2025-06-18 21:00:00,47.986667
2025-06-18 22:00:00,53.089167
2025-06-18 23:00:00,52.818333
2025-06-19 00:00:00,57.308333
2025-06-19 01:00:00,106.93
2025-06-19 02:00:00,321.90167
2025-06-19 03:00:00,1370.4592
2025-06-19 04:00:00,1071.3033
2025-06-19 05:00:00,622.01
2025-06-19 06:00:00,593.53
2025-06-19 07:00:00,277.0875
2025-06-19 08:00:00,177.24417
2025-06-19 09:00:00,142.54417
2025-06-19 10:00:00,125.98
2025-06-19 11:00:00,122.2275
2025-06-19 12:00:00,118.365
2025-06-19 13:00:00,115.65083
2025-06-19 14:00:00,123.00667
2025-06-19 15:00:00,129.74917
2025-06-19 16:00:00,210.98833
2025-06-19 17:00:00,273.31083
2025-06-19 18:00:00,213.32667
2025-06-19 19:00:00,126.33917
2025-06-19 20:00:00,89.71
2025-06-19 21:00:00,74.2775
2025-06-19 22:00:00,70.188333
2025-06-19 23:00:00,35.699167
2025-06-20 00:00:00,67.29
2025-06-20 01:00:00,107.95083
2025-06-20 02:00:00,239.89583
2025-06-20 03:00:00,286.45
2025-06-20 04:00:00,239.79583
2025-06-20 05:00:00,180.38417
2025-06-20 06:00:00,168.7525
2025-06-20 07:00:00,164.43583
2025-06-20 08:00:00,150.28917
2025-06-20 09:00:00,126.98583
2025-06-20 10:00:00,116.5475
2025-06-20 11:00:00,116.065
2025-06-20 12:00:00,115.04083
2025-06-20 13:00:00,108.47667
2025-06-20 14:00:00,116.635
2025-06-20 15:00:00,130.03167
2025-06-20 16:00:00,190.30167
2025-06-20 17:00:00,230.525
2025-06-20 18:00:00,157.60667
2025-06-20 19:00:00,89.025
2025-06-20 20:00:00,84.873333
2025-06-20 21:00:00,75.996667
2025-06-20 22:00:00,70.369167
2025-06-20 23:00:00,51.196667
2025-06-21 00:00:00,63.2225
2025-06-21 01:00:00,89.985833
2025-06-21 02:00:00,172.0825
2025-06-21 03:00:00,218.12417
2025-06-21 04:00:00,254.5825
2025-06-21 05:00:00,206.79667
2025-06-21 06:00:00,189.6725
2025-06-21 07:00:00,193.5975
2025-06-21 08:00:00,173.55667
2025-06-21 09:00:00,145.70167
2025-06-21 10:00:00,143.93
2025-06-21 11:00:00,121.71583
2025-06-21 12:00:00,97.815833
2025-06-21 13:00:00,89.775833
2025-06-21 14:00:00,96.545833
2025-06-21 15:00:00,94.479167
2025-06-21 16:00:00,113.735
2025-06-21 17:00:00,144.18083
2025-06-21 18:00:00,75.338333
2025-06-21 19:00:00,66.801667
2025-06-21 20:00:00,47.281667
2025-06-21 21:00:00,39.210833
2025-06-21 22:00:00,34.915
2025-06-21 23:00:00,37.91
2025-06-22 00:00:00,44.135
2025-06-22 01:00:00,70.2325
2025-06-22 02:00:00,142.80333
2025-06-22 03:00:00,195.61583
2025-06-22 04:00:00,168.395
2025-06-22 05:00:00,135.03917
2025-06-22 06:00:00,122.81667
2025-06-22 07:00:00,113.25
2025-06-22 08:00:00,104.55
2025-06-22 09:00:00,100.3475
2025-06-22 10:00:00,82.025833
2025-06-22 11:00:00,78.685
2025-06-22 12:00:00,75.273333
2025-06-22 13:00:00,76.294167
2025-06-22 14:00:00,72.239167
2025-06-22 15:00:00,75.5325
2025-06-22 16:00:00,75.441667
2025-06-22 17:00:00,76.485
2025-06-22 18:00:00,39.700833
2025-06-22 19:00:00,23.535833
2025-06-22 20:00:00,37.089167
2025-06-22 21:00:00,33.694167
2025-06-22 22:00:00,46.4575
2025-06-22 23:00:00,56.350833
2025-06-23 00:00:00,78.675833
2025-06-23 01:00:00,88.5975
2025-06-23 02:00:00,110.93417
2025-06-23 03:00:00,163.96083
2025-06-23 04:00:00,163.97083
2025-06-23 05:00:00,125.30583
2025-06-23 06:00:00,118.29083
2025-06-23 07:00:00,84.950833
2025-06-23 08:00:00,84.043333
2025-06-23 09:00:00,77.026667
2025-06-23 10:00:00,69.1975
2025-06-23 11:00:00,63.409167
2025-06-23 12:00:00,58.726667
2025-06-23 13:00:00,55.460833
2025-06-23 14:00:00,55.89
2025-06-23 15:00:00,63.134167
2025-06-23 16:00:00,93.503333
2025-06-23 17:00:00,112.64417
2025-06-23 18:00:00,57.956667
2025-06-23 19:00:00,40.4125
2025-06-23 20:00:00,35.471667
2025-06-23 21:00:00,41.454167
2025-06-23 22:00:00,47.519167
2025-06-23 23:00:00,29.458333
2025-06-24 00:00:00,51.375833
2025-06-24 01:00:00,77.11
2025-06-24 02:00:00,120.3
2025-06-24 03:00:00,197.5675
2025-06-24 04:00:00,165.81583
2025-06-24 05:00:00,121.01917
2025-06-24 06:00:00,106.05083
2025-06-24 07:00:00,78.643333
2025-06-24 08:00:00,77.5775
2025-06-24 09:00:00,76.075833
2025-06-24 10:00:00,67.846667
2025-06-24 11:00:00,63.55
2025-06-24 12:00:00,68.904167
2025-06-24 13:00:00,57.5225
2025-06-24 14:00:00,58.471667
2025-06-24 15:00:00,59.666667
2025-06-24 16:00:00,82.454167
2025-06-24 17:00:00,111.42583
2025-06-24 18:00:00,70.105833
2025-06-24 19:00:00,67.2175
2025-06-24 20:00:00,57.518333
2025-06-24 21:00:00,29.391667
2025-06-24 22:00:00,28.7175
2025-06-24 23:00:00,5.015
2025-06-25 00:00:00,45.694167
2025-06-25 01:00:00,39.449167
2025-06-25 02:00:00,95.248333
2025-06-25 03:00:00,133.05083
2025-06-25 04:00:00,132.105
2025-06-25 05:00:00,121.8975
2025-06-25 06:00:00,100.29583
2025-06-25 07:00:00,78.265
2025-06-25 08:00:00,84.548333
2025-06-25 09:00:00,73.653333
2025-06-25 10:00:00,57.929167
2025-06-25 11:00:00,57.968333
2025-06-25 12:00:00,52.596667
2025-06-25 13:00:00,51.001667
2025-06-25 14:00:00,48.87
2025-06-25 15:00:00,46.6375
2025-06-25 16:00:00,84.38
2025-06-25 17:00:00,112.1175
2025-06-25 18:00:00,31.8925
2025-06-25 19:00:00,35.043333
2025-06-25 20:00:00,9.9083333
2025-06-25 21:00:00,18.8775
2025-06-25 22:00:00,18.108333
2025-06-25 23:00:00,43.9225
2025-06-26 00:00:00,42.156667
2025-06-26 01:00:00,53.464167
2025-06-26 02:00:00,101.89917
2025-06-26 03:00:00,192.23
2025-06-26 04:00:00,197.1375
2025-06-26 05:00:00,210.435
2025-06-26 06:00:00,168.9525
2025-06-26 07:00:00,136.3025
2025-06-26 08:00:00,116.855
2025-06-26 09:00:00,111.10917
2025-06-26 10:00:00,111.95667
2025-06-26 11:00:00,105.61833
2025-06-26 12:00:00,109.4375
2025-06-26 13:00:00,120.73833
2025-06-26 14:00:00,142.4025
2025-06-26 15:00:00,183.01333
2025-06-26 16:00:00,340.19083
2025-06-26 17:00:00,1373.0317
2025-06-26 18:00:00,152.1925
2025-06-26 19:00:00,70.026667
2025-06-26 20:00:00,79.440833
2025-06-26 21:00:00,75.026667
2025-06-26 22:00:00,32.288333
2025-06-26 23:00:00,48.068333
2025-06-27 00:00:00,74.609167
2025-06-27 01:00:00,141.08417
2025-06-27 02:00:00,1543.8283
2025-06-27 03:00:00,7467.8683
2025-06-27 04:00:00,9209.5417
2025-06-27 05:00:00,10420.567
2025-06-27 06:00:00,13993.923
2025-06-27 07:00:00,506.18333
2025-06-27 08:00:00,266.26417
2025-06-27 09:00:00,238.36333
2025-06-27 10:00:00,232.62417
2025-06-27 11:00:00,153.35833
2025-06-27 12:00:00,133.69917
2025-06-27 13:00:00,180.41833
2025-06-27 14:00:00,178.62333
2025-06-27 15:00:00,233.1525
2025-06-27 16:00:00,287.71583
2025-06-27 17:00:00,321.0825
2025-06-27 18:00:00,235.33
2025-06-27 19:00:00,138.67917
2025-06-27 20:00:00,86.0125
2025-06-27 21:00:00,102.605
2025-06-27 22:00:00,114.47
2025-06-27 23:00:00,91.043333
2025-06-28 00:00:00,95.924167
2025-06-28 01:00:00,188.14583
2025-06-28 02:00:00,935.35083
2025-06-28 03:00:00,1068.055
2025-06-28 04:00:00,344.66667
2025-06-28 05:00:00,273.11833
2025-06-28 06:00:00,248.71333
2025-06-28 07:00:00,193.8625
2025-06-28 08:00:00,168.99
2025-06-28 09:00:00,158.42083
2025-06-28 10:00:00,167.13083
2025-06-28 11:00:00,169.61833
2025-06-28 12:00:00,160.18333
2025-06-28 13:00:00,162.45333
2025-06-28 14:00:00,159.08833
2025-06-28 15:00:00,155.72667
2025-06-28 16:00:00,182.23333
2025-06-28 17:00:00,250.56
2025-06-28 18:00:00,159.5625
2025-06-28 19:00:00,84.458333
2025-06-28 20:00:00,70.204167
2025-06-28 21:00:00,81.851667
2025-06-28 22:00:00,82.471667
2025-06-28 23:00:00,68.805833
2025-06-29 00:00:00,59.058333
2025-06-29 01:00:00,113.84583
2025-06-29 02:00:00,242.545
2025-06-29 03:00:00,295.54583
2025-06-29 04:00:00,289.655
2025-06-29 05:00:00,259.46583
2025-06-29 06:00:00,263.14667
2025-06-29 07:00:00,238.72667
2025-06-29 08:00:00,239.54083
2025-06-29 09:00:00,240.16083
2025-06-29 10:00:00,220.73083
2025-06-29 11:00:00,200.87667
2025-06-29 12:00:00,185.34167
2025-06-29 13:00:00,167.97917
2025-06-29 14:00:00,125.78083
2025-06-29 15:00:00,170.70833
2025-06-29 16:00:00,167.4725
2025-06-29 17:00:00,236.96333
2025-06-29 18:00:00,175.97583
2025-06-29 19:00:00,172.49417
2025-06-29 20:00:00,170.65083
2025-06-29 21:00:00,109.85667
2025-06-29 22:00:00,91.031667
2025-06-29 23:00:00,125.23083
2025-06-30 00:00:00,131.28583
2025-06-30 01:00:00,183.6425
2025-06-30 02:00:00,255.82583
2025-06-30 03:00:00,298.10583
2025-06-30 04:00:00,302.33667
2025-06-30 05:00:00,288.88333
2025-06-30 06:00:00,252.17167
2025-06-30 07:00:00,218.92833
2025-06-30 08:00:00,205.975
2025-06-30 09:00:00,198.98917
2025-06-30 10:00:00,200.375
2025-06-30 11:00:00,182.30667
2025-06-30 12:00:00,167.87583
2025-06-30 13:00:00,164.6275
2025-06-30 14:00:00,176.83583
2025-06-30 15:00:00,206.41417
2025-06-30 16:00:00,283.19167
2025-06-30 17:00:00,455.775
2025-06-30 18:00:00,305.82583
2025-06-30 19:00:00,242.92083
2025-06-30 20:00:00,235.44833
2025-06-30 21:00:00,196.405
2025-06-30 22:00:00,170.265
2025-06-30 23:00:00,151.62917
2025-07-01 00:00:00,115.08083
2025-07-01 01:00:00,202.39167
2025-07-01 02:00:00,287.01
2025-07-01 03:00:00,347.45583
2025-07-01 04:00:00,310.84417
2025-07-01 05:00:00,292.24667
2025-07-01 06:00:00,258.17583
2025-07-01 07:00:00,209.22583
2025-07-01 08:00:00,174.235
2025-07-01 09:00:00,147.28167
2025-07-01 10:00:00,171.905
2025-07-01 11:00:00,168.055
2025-07-01 12:00:00,144.36833
2025-07-01 13:00:00,120.12167
2025-07-01 14:00:00,117.57333
2025-07-01 15:00:00,128.6275
2025-07-01 16:00:00,173.6475
2025-07-01 17:00:00,246.76917
2025-07-01 18:00:00,129.26833
2025-07-01 19:00:00,158.20583
2025-07-01 20:00:00,92.704167
2025-07-01 21:00:00,151.99833
2025-07-01 22:00:00,251.37667
2025-07-01 23:00:00,285.905
2025-07-02 00:00:00,267.54583
2025-07-02 01:00:00,251.5225
2025-07-02 02:00:00,245.97417
2025-07-02 03:00:00,298.56333
2025-07-02 04:00:00,279.80667
2025-07-02 05:00:00,215.14833
2025-07-02 06:00:00,171.30583
2025-07-02 07:00:00,138.47167
2025-07-02 08:00:00,125.51
2025-07-02 09:00:00,88.455
2025-07-02 10:00:00,89.820833
2025-07-02 11:00:00,89.9475
2025-07-02 12:00:00,86.0575
2025-07-02 13:00:00,82.719167
2025-07-02 14:00:00,79.015
2025-07-02 15:00:00,96.7375
2025-07-02 16:00:00,158.02667
2025-07-02 17:00:00,191.23083
2025-07-02 18:00:00,98.6425
2025-07-02 19:00:00,56.57
2025-07-02 20:00:00,38.3975
2025-07-02 21:00:00,64.0625
2025-07-02 22:00:00,24.159167
2025-07-02 23:00:00,48.408333
2025-07-03 00:00:00,17.358333
2025-07-03 01:00:00,41.885
2025-07-03 02:00:00,158.68667
2025-07-03 03:00:00,226.21
2025-07-03 04:00:00,245.12917
2025-07-03 05:00:00,209.63083
2025-07-03 06:00:00,213.32833
2025-07-03 07:00:00,147.8125
2025-07-03 08:00:00,186.71667
2025-07-03 09:00:00,135.24667
2025-07-03 10:00:00,140.6
2025-07-03 11:00:00,122.8675
2025-07-03 12:00:00,116.815
2025-07-03 13:00:00,122.74167
2025-07-03 14:00:00,171.99417
2025-07-03 15:00:00,188.1275
2025-07-03 16:00:00,259.41
2025-07-03 17:00:00,310.76167
2025-07-03 18:00:00,72.95
2025-07-03 19:00:00,69.3875
2025-07-03 20:00:00,57.73
2025-07-03 21:00:00,21.888333
2025-07-03 22:00:00,22.605
2025-07-03 23:00:00,34.09
2025-07-04 00:00:00,6.3441667
2025-07-04 01:00:00,27.0375
2025-07-04 02:00:00,140.06917
2025-07-04 03:00:00,272.17333
2025-07-04 04:00:00,259.0625
2025-07-04 05:00:00,260.84167
2025-07-04 06:00:00,262.57917
2025-07-04 07:00:00,207.05583
2025-07-04 08:00:00,209.1925
2025-07-04 09:00:00,193.4025
2025-07-04 10:00:00,147.51917
2025-07-04 11:00:00,143.24333
2025-07-04 12:00:00,128.9625
2025-07-04 13:00:00,125.3
2025-07-04 14:00:00,131.28583
2025-07-04 15:00:00,144.38083
2025-07-04 16:00:00,226.00917
2025-07-04 17:00:00,239.51917
2025-07-04 18:00:00,145.44833
2025-07-04 19:00:00,73.934167
2025-07-04 20:00:00,61.66
2025-07-04 21:00:00,22.016667
2025-07-04 22:00:00,33.7675
2025-07-04 23:00:00,45.2025
2025-07-05 00:00:00,66.114167
2025-07-05 01:00:00,75.835
2025-07-05 02:00:00,189.47
2025-07-05 03:00:00,239.3125
2025-07-05 04:00:00,238.7625
2025-07-05 05:00:00,212.32833
2025-07-05 06:00:00,213.59333
2025-07-05 07:00:00,166.65417
2025-07-05 08:00:00,169.92417
2025-07-05 09:00:00,135.62083
2025-07-05 10:00:00,108.34917
2025-07-05 11:00:00,80.7375
2025-07-05 12:00:00,83.316667
2025-07-05 13:00:00,85.654167
2025-07-05 14:00:00,84.781667
2025-07-05 15:00:00,81.654167
2025-07-05 16:00:00,102.305
2025-07-05 17:00:00,114.7025
2025-07-05 18:00:00,84.269167
2025-07-05 19:00:00,81.005
2025-07-05 20:00:00,88.864167
2025-07-05 21:00:00,85.55
2025-07-05 22:00:00,59.056667
2025-07-05 23:00:00,81.754167
2025-07-06 00:00:00,96.703333
2025-07-06 01:00:00,92.730833
2025-07-06 02:00:00,152.14
2025-07-06 03:00:00,157.465
2025-07-06 04:00:00,118.02583
2025-07-06 05:00:00,100.97833
2025-07-06 06:00:00,101.69167
2025-07-06 07:00:00,92.938333
2025-07-06 08:00:00,98.7175
2025-07-06 09:00:00,96.894167
2025-07-06 10:00:00,71.343333
2025-07-06 11:00:00,57.98
2025-07-06 12:00:00,64.384167
2025-07-06 13:00:00,74.635
2025-07-06 14:00:00,75.373333
2025-07-06 15:00:00,74.3275
2025-07-06 16:00:00,78.880833
2025-07-06 17:00:00,88.373333
2025-07-06 18:00:00,66.793333
2025-07-06 19:00:00,32.763333
2025-07-06 20:00:00,34.8025
2025-07-06 21:00:00,38.83
2025-07-06 22:00:00,53.639167
2025-07-06 23:00:00,51.103333
2025-07-07 00:00:00,62.67
2025-07-07 01:00:00,63.145833
2025-07-07 02:00:00,137.32
2025-07-07 03:00:00,180.865
2025-07-07 04:00:00,185.9
2025-07-07 05:00:00,191.2825
2025-07-07 06:00:00,162.6225
2025-07-07 07:00:00,123.44083
2025-07-07 08:00:00,125.73
2025-07-07 09:00:00,111.40667
2025-07-07 10:00:00,114.6525
2025-07-07 11:00:00,108.26417
2025-07-07 12:00:00,96.785
2025-07-07 13:00:00,102.8375
2025-07-07 14:00:00,108.24
2025-07-07 15:00:00,124.0925
2025-07-07 16:00:00,168.98833
2025-07-07 17:00:00,231.79583
2025-07-07 18:00:00,92.156667
2025-07-07 19:00:00,58.44
2025-07-07 20:00:00,64.078333
2025-07-07 21:00:00,56.740833
2025-07-07 22:00:00,101.18583
2025-07-07 23:00:00,97.816667
2025-07-08 00:00:00,78.0225
2025-07-08 01:00:00,72.14
2025-07-08 02:00:00,127.475
2025-07-08 03:00:00,164.00083
2025-07-08 04:00:00,148.92083
2025-07-08 05:00:00,122.32917
2025-07-08 06:00:00,121.3525
2025-07-08 07:00:00,110.87583
2025-07-08 08:00:00,110.4475
2025-07-08 09:00:00,91.535
2025-07-08 10:00:00,86.895
2025-07-08 11:00:00,82.335833
2025-07-08 12:00:00,89.3
2025-07-08 13:00:00,90.526667
2025-07-08 14:00:00,93.54
2025-07-08 15:00:00,121.53083
2025-07-08 16:00:00,156.69917
2025-07-08 17:00:00,151.09583
2025-07-08 18:00:00,100.535
2025-07-08 19:00:00,73.6275
2025-07-08 20:00:00,70.211667
2025-07-08 21:00:00,42.936667
2025-07-08 22:00:00,47.315
2025-07-08 23:00:00,44.873333
2025-07-09 00:00:00,29.126667
2025-07-09 01:00:00,56.566667
2025-07-09 02:00:00,116.19917
2025-07-09 03:00:00,126.82583
2025-07-09 04:00:00,256.57417
2025-07-09 05:00:00,122.4175
2025-07-09 06:00:00,126.70417
2025-07-09 07:00:00,116.30917
2025-07-09 08:00:00,89.316667
2025-07-09 09:00:00,75.6175
2025-07-09 10:00:00,67.111667
2025-07-09 11:00:00,64.018333
2025-07-09 12:00:00,60.243333
2025-07-09 13:00:00,60.374167
2025-07-09 14:00:00,70.838333
2025-07-09 15:00:00,82.520833
2025-07-09 16:00:00,133.53167
2025-07-09 17:00:00,197.475
2025-07-09 18:00:00,84.034167
2025-07-09 19:00:00,59.144167
2025-07-09 20:00:00,57.018333
2025-07-09 21:00:00,43.395833
2025-07-09 22:00:00,11.385
2025-07-09 23:00:00,15.333333
2025-07-10 00:00:00,42.701667
2025-07-10 01:00:00,52.804167
2025-07-10 02:00:00,95.673333
2025-07-10 03:00:00,148.475
2025-07-10 04:00:00,145.59917
2025-07-10 05:00:00,118.11167
2025-07-10 06:00:00,118.12417
2025-07-10 07:00:00,94.310833
2025-07-10 08:00:00,100.03333
2025-07-10 09:00:00,100.295
2025-07-10 10:00:00,91.409167
2025-07-10 11:00:00,83.930833
2025-07-10 12:00:00,77.853333
2025-07-10 13:00:00,67.9475
2025-07-10 14:00:00,72.913333
2025-07-10 15:00:00,76.055
2025-07-10 16:00:00,96.805833
2025-07-10 17:00:00,112.06083
2025-07-10 18:00:00,48.46
2025-07-10 19:00:00,39.5125
2025-07-10 20:00:00,41.155
2025-07-10 21:00:00,16.431667
2025-07-10 22:00:00,5.5383333
2025-07-10 23:00:00,16.3525
2025-07-11 00:00:00,43.485
2025-07-11 01:00:00,10.273333
2025-07-11 02:00:00,62.366667
2025-07-11 03:00:00,116.30583
2025-07-11 04:00:00,115.555
2025-07-11 05:00:00,114.76083
2025-07-11 06:00:00,100.00167
2025-07-11 07:00:00,75.801667
2025-07-11 08:00:00,62.118333
2025-07-11 09:00:00,64.345833
2025-07-11 10:00:00,57.883333
2025-07-11 11:00:00,46.095833
2025-07-11 12:00:00,46.690833
2025-07-11 13:00:00,48.049167
2025-07-11 14:00:00,57.0
2025-07-11 15:00:00,70.319167
2025-07-11 16:00:00,88.324167
2025-07-11 17:00:00,95.311667
2025-07-11 18:00:00,40.295833
2025-07-11 19:00:00,43.1875
2025-07-11 20:00:00,17.799167
2025-07-11 21:00:00,-17.648333
2025-07-11 22:00:00,-14.5375
2025-07-11 23:00:00,15.183333
2025-07-12 00:00:00,39.0725
2025-07-12 01:00:00,43.699167
2025-07-12 02:00:00,88.674167
2025-07-12 03:00:00,146.2575
2025-07-12 04:00:00,134.97167
2025-07-12 05:00:00,117.70833
2025-07-12 06:00:00,101.45667
2025-07-12 07:00:00,99.7
2025-07-12 08:00:00,98.0325
2025-07-12 09:00:00,96.514167
2025-07-12 10:00:00,80.569167
2025-07-12 11:00:00,81.190833
2025-07-12 12:00:00,81.619167
2025-07-12 13:00:00,81.848333
2025-07-12 14:00:00,87.470833
2025-07-12 15:00:00,94.898333
2025-07-12 16:00:00,119.01833
2025-07-12 17:00:00,149.6475
2025-07-12 18:00:00,92.765833
2025-07-12 19:00:00,79.924167
2025-07-12 20:00:00,15.055
2025-07-12 21:00:00,-7.5875
2025-07-12 22:00:00,-16.604167
2025-07-12 23:00:00,-14.155833
2025-07-13 00:00:00,2.4316667
2025-07-13 01:00:00,41.5125
2025-07-13 02:00:00,137.6125
2025-07-13 03:00:00,208.57917
2025-07-13 04:00:00,164.115
2025-07-13 05:00:00,120.62333
2025-07-13 06:00:00,97.585833
2025-07-13 07:00:00,82.35
2025-07-13 08:00:00,103.36667
2025-07-13 09:00:00,91.863333
2025-07-13 10:00:00,83.470833
2025-07-13 11:00:00,76.373333
2025-07-13 12:00:00,76.654167
2025-07-13 13:00:00,74.580833
2025-07-13 14:00:00,73.950833
2025-07-13 15:00:00,77.099167
2025-07-13 16:00:00,85.061667
2025-07-13 17:00:00,69.1425
2025-07-13 18:00:00,3.8
2025-07-13 19:00:00,39.553333
2025-07-13 20:00:00,-6.67
2025-07-13 21:00:00,-13.705833
2025-07-13 22:00:00,-14.568333
2025-07-13 23:00:00,-15.658333
2025-07-14 00:00:00,9.735
2025-07-14 01:00:00,15.904167
2025-07-14 02:00:00,84.764167
2025-07-14 03:00:00,143.82083
2025-07-14 04:00:00,160.4925
2025-07-14 05:00:00,127.21333
2025-07-14 06:00:00,111.61667
2025-07-14 07:00:00,67.418333
2025-07-14 08:00:00,56.620833
2025-07-14 09:00:00,53.17
2025-07-14 10:00:00,61.685833
2025-07-14 11:00:00,57.9525
2025-07-14 12:00:00,55.311667
2025-07-14 13:00:00,56.585
2025-07-14 14:00:00,61.78
2025-07-14 15:00:00,85.5
2025-07-14 16:00:00,142.3175
2025-07-14 17:00:00,130.4075
2025-07-14 18:00:00,24.4775
2025-07-14 19:00:00,9.9675
2025-07-14 20:00:00,7.8733333
2025-07-14 21:00:00,1.385
2025-07-14 22:00:00,-17.539167
2025-07-14 23:00:00,-18.92
2025-07-15 00:00:00,-15.421667
2025-07-15 01:00:00,10.425
2025-07-15 02:00:00,136.71417
2025-07-15 03:00:00,185.775
2025-07-15 04:00:00,199.07167
2025-07-15 05:00:00,149.13667
2025-07-15 06:00:00,146.8525
2025-07-15 07:00:00,119.7775
2025-07-15 08:00:00,102.83917
2025-07-15 09:00:00,90.809167
2025-07-15 10:00:00,84.9825
2025-07-15 11:00:00,82.505833
2025-07-15 12:00:00,76.959167
2025-07-15 13:00:00,76.5125
2025-07-15 14:00:00,74.3475
2025-07-15 15:00:00,84.059167
2025-07-15 16:00:00,124.79
2025-07-15 17:00:00,137.48
2025-07-15 18:00:00,127.1375
2025-07-15 19:00:00,114.5875
2025-07-15 20:00:00,115.05417
2025-07-15 21:00:00,103.53167
2025-07-15 22:00:00,114.63833
2025-07-15 23:00:00,88.204167
2025-07-16 00:00:00,91.306667
2025-07-16 01:00:00,104.25333
2025-07-16 02:00:00,159.065
2025-07-16 03:00:00,223.1875
2025-07-16 04:00:00,199.82333
2025-07-16 05:00:00,163.7525
2025-07-16 06:00:00,145.79
2025-07-16 07:00:00,129.48833
2025-07-16 08:00:00,130.72667
2025-07-16 09:00:00,82.86
2025-07-16 10:00:00,78.5
2025-07-16 11:00:00,74.414167
2025-07-16 12:00:00,75.418333
2025-07-16 13:00:00,73.330833
2025-07-16 14:00:00,69.750833
2025-07-16 15:00:00,91.899167
2025-07-16 16:00:00,142.4875
2025-07-16 17:00:00,170.32333
2025-07-16 18:00:00,98.185
2025-07-16 19:00:00,58.836667
2025-07-16 20:00:00,32.424167
2025-07-16 21:00:00,19.248333
2025-07-16 22:00:00,16.131667
2025-07-16 23:00:00,-14.84
2025-07-17 00:00:00,3.5633333
2025-07-17 01:00:00,56.086667
2025-07-17 02:00:00,130.155
2025-07-17 03:00:00,218.71167
2025-07-17 04:00:00,250.7025
2025-07-17 05:00:00,216.60833
2025-07-17 06:00:00,165.10667
2025-07-17 07:00:00,149.94167
2025-07-17 08:00:00,128.565
2025-07-17 09:00:00,91.4225
2025-07-17 10:00:00,82.1675
2025-07-17 11:00:00,81.42
2025-07-17 12:00:00,78.355
2025-07-17 13:00:00,77.175
2025-07-17 14:00:00,79.7
2025-07-17 15:00:00,78.813333
2025-07-17 16:00:00,118.37667
2025-07-17 17:00:00,102.73667
2025-07-17 18:00:00,70.430833
2025-07-17 19:00:00,58.2925
2025-07-17 20:00:00,64.113333
2025-07-17 21:00:00,25.9925
2025-07-17 22:00:00,12.338333
2025-07-17 23:00:00,45.254167
2025-07-18 00:00:00,70.5225
2025-07-18 01:00:00,46.78
2025-07-18 02:00:00,123.80167
2025-07-18 03:00:00,209.36083
2025-07-18 04:00:00,228.61083
2025-07-18 05:00:00,218.87
2025-07-18 06:00:00,203.825
2025-07-18 07:00:00,172.17083
2025-07-18 08:00:00,153.47167
2025-07-18 09:00:00,116.25583
2025-07-18 10:00:00,97.3
2025-07-18 11:00:00,93.341667
2025-07-18 12:00:00,86.39
2025-07-18 13:00:00,91.494167
2025-07-18 14:00:00,102.73333
2025-07-18 15:00:00,119.4525
2025-07-18 16:00:00,183.43083
2025-07-18 17:00:00,290.43417
2025-07-18 18:00:00,207.18833
2025-07-18 19:00:00,130.74333
2025-07-18 20:00:00,109.5775
2025-07-18 21:00:00,70.726667
2025-07-18 22:00:00,75.056667
2025-07-18 23:00:00,77.989167
2025-07-19 00:00:00,62.208333
2025-07-19 01:00:00,59.460833
2025-07-19 02:00:00,144.615
2025-07-19 03:00:00,218.99083
2025-07-19 04:00:00,191.70667
2025-07-19 05:00:00,142.30333
2025-07-19 06:00:00,126.04417
2025-07-19 07:00:00,108.59333
2025-07-19 08:00:00,110.03667
2025-07-19 09:00:00,91.7275
2025-07-19 10:00:00,85.235833
2025-07-19 11:00:00,79.716667
2025-07-19 12:00:00,76.789167
2025-07-19 13:00:00,77.663333
2025-07-19 14:00:00,76.629167
2025-07-19 15:00:00,76.859167
2025-07-19 16:00:00,86.928333
2025-07-19 17:00:00,118.225
2025-07-19 18:00:00,92.009167
2025-07-19 19:00:00,71.004167
2025-07-19 20:00:00,42.054167
2025-07-19 21:00:00,8.125
2025-07-19 22:00:00,-19.898333
2025-07-19 23:00:00,-22.051667
2025-07-20 00:00:00,-15.6275
2025-07-20 01:00:00,40.620833
2025-07-20 02:00:00,121.37167
2025-07-20 03:00:00,154.32167
2025-07-20 04:00:00,140.10167
2025-07-20 05:00:00,160.96333
2025-07-20 06:00:00,151.79
2025-07-20 07:00:00,139.77417
2025-07-20 08:00:00,128.85583
2025-07-20 09:00:00,115.17
2025-07-20 10:00:00,86.415
2025-07-20 11:00:00,79.475833
2025-07-20 12:00:00,80.359167
2025-07-20 13:00:00,85.883333
2025-07-20 14:00:00,96.618333
2025-07-20 15:00:00,95.749167
2025-07-20 16:00:00,121.6575
2025-07-20 17:00:00,105.53667
2025-07-20 18:00:00,54.759167
2025-07-20 19:00:00,39.108333
2025-07-20 20:00:00,17.605833
2025-07-20 21:00:00,6.2033333
2025-07-20 22:00:00,-2.435
2025-07-20 23:00:00,-1.9616667
2025-07-21 00:00:00,15.463333
2025-07-21 01:00:00,49.595833
2025-07-21 02:00:00,122.9475
2025-07-21 03:00:00,187.74083
2025-07-21 04:00:00,174.30667
2025-07-21 05:00:00,147.77333
2025-07-21 06:00:00,124.3575
2025-07-21 07:00:00,82.461667
2025-07-21 08:00:00,66.5775
2025-07-21 09:00:00,62.221667
2025-07-21 10:00:00,65.395
2025-07-21 11:00:00,58.8425
2025-07-21 12:00:00,54.414167
2025-07-21 13:00:00,54.544167
2025-07-21 14:00:00,61.585
2025-07-21 15:00:00,75.195
2025-07-21 16:00:00,83.803333
2025-07-21 17:00:00,132.68
2025-07-21 18:00:00,29.675833
2025-07-21 19:00:00,39.19
2025-07-21 20:00:00,29.014167
2025-07-21 21:00:00,14.16
2025-07-21 22:00:00,26.986667
2025-07-21 23:00:00,44.141667
2025-07-22 00:00:00,55.689167
2025-07-22 01:00:00,62.811667
2025-07-22 02:00:00,84.265833
2025-07-22 03:00:00,151.5825
2025-07-22 04:00:00,108.015
2025-07-22 05:00:00,94.400833
2025-07-22 06:00:00,76.7375
2025-07-22 07:00:00,66.848333
2025-07-22 08:00:00,59.36
2025-07-22 09:00:00,58.973333
2025-07-22 10:00:00,60.316667
2025-07-22 11:00:00,57.120833
2025-07-22 12:00:00,38.143333
2025-07-22 13:00:00,30.75
2025-07-22 14:00:00,37.836667
2025-07-22 15:00:00,40.731667
2025-07-22 16:00:00,58.236667
2025-07-22 17:00:00,67.4075
2025-07-22 18:00:00,47.036667
2025-07-22 19:00:00,25.024167
2025-07-22 20:00:00,51.515
2025-07-22 21:00:00,45.39
2025-07-22 22:00:00,61.664167
2025-07-22 23:00:00,43.759167
2025-07-23 00:00:00,72.638333
2025-07-23 01:00:00,24.554167
2025-07-23 02:00:00,65.829167
2025-07-23 03:00:00,128.9275
2025-07-23 04:00:00,109.825
2025-07-23 05:00:00,145.5575
2025-07-23 06:00:00,79.425
2025-07-23 07:00:00,72.860833
2025-07-23 08:00:00,64.650833
2025-07-23 09:00:00,57.889167
2025-07-23 10:00:00,67.684167
2025-07-23 11:00:00,63.8525
2025-07-23 12:00:00,63.095833
2025-07-23 13:00:00,50.498333
2025-07-23 14:00:00,65.529167
2025-07-23 15:00:00,66.304167
2025-07-23 16:00:00,81.898333
2025-07-23 17:00:00,141.09917
2025-07-23 18:00:00,59.18
2025-07-23 19:00:00,29.2475
2025-07-23 20:00:00,16.765
2025-07-23 21:00:00,11.273333
2025-07-23 22:00:00,24.320833
2025-07-23 23:00:00,43.016667
2025-07-24 00:00:00,30.439167
2025-07-24 01:00:00,44.826667
2025-07-24 02:00:00,84.271667
2025-07-24 03:00:00,187.48417
2025-07-24 04:00:00,180.25167
2025-07-24 05:00:00,151.11
2025-07-24 06:00:00,146.95083
2025-07-24 07:00:00,123.22667
2025-07-24 08:00:00,99.0025
2025-07-24 09:00:00,84.844167
2025-07-24 10:00:00,77.736667
2025-07-24 11:00:00,61.384167
2025-07-24 12:00:00,57.066667
2025-07-24 13:00:00,52.511667
2025-07-24 14:00:00,43.539167
2025-07-24 15:00:00,57.064167
2025-07-24 16:00:00,112.28
2025-07-24 17:00:00,118.46833
2025-07-24 18:00:00,25.24
2025-07-24 19:00:00,21.706667
2025-07-24 20:00:00,0.94333333
2025-07-24 21:00:00,-9.0675
2025-07-24 22:00:00,-12.684167
2025-07-24 23:00:00,-16.818333
2025-07-25 00:00:00,-13.603333
2025-07-25 01:00:00,18.469167
2025-07-25 02:00:00,96.433333
2025-07-25 03:00:00,199.45167
2025-07-25 04:00:00,288.94083
2025-07-25 05:00:00,192.65333
2025-07-25 06:00:00,166.51833
2025-07-25 07:00:00,142.32
2025-07-25 08:00:00,129.025
2025-07-25 09:00:00,90.8475
2025-07-25 10:00:00,84.875
2025-07-25 11:00:00,78.8875
2025-07-25 12:00:00,76.935833
2025-07-25 13:00:00,76.444167
2025-07-25 14:00:00,71.033333
2025-07-25 15:00:00,73.945
2025-07-25 16:00:00,97.069167
2025-07-25 17:00:00,124.30583
2025-07-25 18:00:00,60.388333
2025-07-25 19:00:00,46.39
2025-07-25 20:00:00,36.281667
2025-07-25 21:00:00,28.358333
2025-07-25 22:00:00,55.745833
2025-07-25 23:00:00,71.876667
2025-07-26 00:00:00,72.0425
2025-07-26 01:00:00,104.62167
2025-07-26 02:00:00,92.075
2025-07-26 03:00:00,137.93
2025-07-26 04:00:00,132.28833
2025-07-26 05:00:00,74.268333
2025-07-26 06:00:00,62.621667
2025-07-26 07:00:00,62.549167
2025-07-26 08:00:00,76.9675
2025-07-26 09:00:00,77.523333
2025-07-26 10:00:00,74.750833
2025-07-26 11:00:00,56.921667
2025-07-26 12:00:00,49.933333
2025-07-26 13:00:00,44.569167
2025-07-26 14:00:00,37.860833
2025-07-26 15:00:00,66.369167
2025-07-26 16:00:00,63.125833
2025-07-26 17:00:00,63.483333
2025-07-26 18:00:00,77.675
2025-07-26 19:00:00,83.871667
2025-07-26 20:00:00,93.391667
2025-07-26 21:00:00,84.515833
2025-07-26 22:00:00,49.101667
2025-07-26 23:00:00,71.0225
2025-07-27 00:00:00,70.4375
2025-07-27 01:00:00,84.385
2025-07-27 02:00:00,91.498333
2025-07-27 03:00:00,85.12
2025-07-27 04:00:00,85.799167
2025-07-27 05:00:00,83.049167
2025-07-27 06:00:00,83.795833
2025-07-27 07:00:00,80.675
2025-07-27 08:00:00,80.92
2025-07-27 09:00:00,75.795
2025-07-27 10:00:00,73.245
2025-07-27 11:00:00,58.165833
2025-07-27 12:00:00,56.995833
2025-07-27 13:00:00,56.819167
2025-07-27 14:00:00,56.78
2025-07-27 15:00:00,58.320833
2025-07-27 16:00:00,56.785833
2025-07-27 17:00:00,57.280833
2025-07-27 18:00:00,45.38
2025-07-27 19:00:00,35.14
2025-07-27 20:00:00,9.7208333
2025-07-27 21:00:00,4.4658333
2025-07-27 22:00:00,2.2391667
2025-07-27 23:00:00,21.875833
2025-07-28 00:00:00,41.218333
2025-07-28 01:00:00,44.565
2025-07-28 02:00:00,51.549167
2025-07-28 03:00:00,78.791667
2025-07-28 04:00:00,77.98
2025-07-28 05:00:00,73.868333
2025-07-28 06:00:00,74.33
2025-07-28 07:00:00,62.029167
2025-07-28 08:00:00,55.511667
2025-07-28 09:00:00,57.7625
2025-07-28 10:00:00,61.0775
2025-07-28 11:00:00,57.11
2025-07-28 12:00:00,56.3375
2025-07-28 13:00:00,53.226667
2025-07-28 14:00:00,57.651667
2025-07-28 15:00:00,63.175833
2025-07-28 16:00:00,80.364167
2025-07-28 17:00:00,91.5125
2025-07-28 18:00:00,36.3675
2025-07-28 19:00:00,21.919167
2025-07-28 20:00:00,1.7725
2025-07-28 21:00:00,-3.3241667
2025-07-28 22:00:00,-2.0308333
2025-07-28 23:00:00,9.8866667
2025-07-29 00:00:00,13.266667
2025-07-29 01:00:00,19.816667
2025-07-29 02:00:00,81.1425
2025-07-29 03:00:00,159.02917
2025-07-29 04:00:00,194.07833
2025-07-29 05:00:00,187.4775
2025-07-29 06:00:00,195.18333
2025-07-29 07:00:00,132.36833
2025-07-29 08:00:00,126.78167
2025-07-29 09:00:00,105.53167
2025-07-29 10:00:00,103.37917
2025-07-29 11:00:00,91.2625
2025-07-29 12:00:00,84.6175
2025-07-29 13:00:00,88.154167
2025-07-29 14:00:00,104.3375
2025-07-29 15:00:00,134.025
2025-07-29 16:00:00,256.44333
2025-07-29 17:00:00,239.67417
2025-07-29 18:00:00,81.526667
2025-07-29 19:00:00,69.343333
2025-07-29 20:00:00,27.498333
2025-07-29 21:00:00,46.268333
2025-07-29 22:00:00,79.2225
2025-07-29 23:00:00,57.983333
2025-07-30 00:00:00,114.18167
2025-07-30 01:00:00,143.34667
2025-07-30 02:00:00,303.5925
2025-07-30 03:00:00,367.4375
2025-07-30 04:00:00,323.19083
2025-07-30 05:00:00,276.42417
2025-07-30 06:00:00,282.79333
2025-07-30 07:00:00,227.3225
2025-07-30 08:00:00,234.05167
2025-07-30 09:00:00,155.23583
2025-07-30 10:00:00,144.99
2025-07-30 11:00:00,130.33583
2025-07-30 12:00:00,127.52667
2025-07-30 13:00:00,117.24917
2025-07-30 14:00:00,109.76167
2025-07-30 15:00:00,114.76167
2025-07-30 16:00:00,151.66583
2025-07-30 17:00:00,268.48167
2025-07-30 18:00:00,188.17167
2025-07-30 19:00:00,96.840833
2025-07-30 20:00:00,76.33
2025-07-30 21:00:00,78.604167
2025-07-30 22:00:00,91.465833
2025-07-30 23:00:00,89.1225
2025-07-31 00:00:00,90.744167
2025-07-31 01:00:00,85.291667
2025-07-31 02:00:00,123.05917
2025-07-31 03:00:00,191.68
2025-07-31 04:00:00,183.48583
2025-07-31 05:00:00,139.36917
2025-07-31 06:00:00,132.36583
2025-07-31 07:00:00,112.83333
2025-07-31 08:00:00,91.009167
2025-07-31 09:00:00,85.5175
2025-07-31 10:00:00,81.2425
2025-07-31 11:00:00,72.2675
2025-07-31 12:00:00,68.205
2025-07-31 13:00:00,65.005
2025-07-31 14:00:00,78.4225
2025-07-31 15:00:00,82.1225
2025-07-31 16:00:00,172.49667
2025-07-31 17:00:00,258.2225
2025-07-31 18:00:00,85.83
2025-07-31 19:00:00,50.409167
2025-07-31 20:00:00,22.2875
2025-07-31 21:00:00,24.186667
2025-07-31 22:00:00,23.528333
2025-07-31 23:00:00,46.219167
2025-08-01 00:00:00,68.565
2025-08-01 01:00:00,93.899167
2025-08-01 02:00:00,168.75833
2025-08-01 03:00:00,287.10667
2025-08-01 04:00:00,246.9125
2025-08-01 05:00:00,193.49667
2025-08-01 06:00:00,189.525
2025-08-01 07:00:00,209.32
2025-08-01 08:00:00,212.15583
2025-08-01 09:00:00,163.66583
2025-08-01 10:00:00,123.115
2025-08-01 11:00:00,117.97667
2025-08-01 12:00:00,123.66
2025-08-01 13:00:00,135.79333
2025-08-01 14:00:00,163.89917
2025-08-01 15:00:00,220.74833
2025-08-01 16:00:00,269.53417
2025-08-01 17:00:00,301.68083
2025-08-01 18:00:00,159.53833
2025-08-01 19:00:00,124.7325
2025-08-01 20:00:00,103.09833
2025-08-01 21:00:00,84.261667
2025-08-01 22:00:00,74.375
2025-08-01 23:00:00,78.784167
2025-08-02 00:00:00,89.215
2025-08-02 01:00:00,92.15
2025-08-02 02:00:00,172.7625
2025-08-02 03:00:00,252.2125
2025-08-02 04:00:00,211.79083
2025-08-02 05:00:00,174.4525
2025-08-02 06:00:00,160.25583
2025-08-02 07:00:00,148.99583
2025-08-02 08:00:00,176.5775
2025-08-02 09:00:00,123.755
2025-08-02 10:00:00,137.26667
2025-08-02 11:00:00,129.80917
2025-08-02 12:00:00,111.86833
2025-08-02 13:00:00,103.60167
2025-08-02 14:00:00,101.97
2025-08-02 15:00:00,97.673333
2025-08-02 16:00:00,116.62333
2025-08-02 17:00:00,108.99083
2025-08-02 18:00:00,75.819167
2025-08-02 19:00:00,66.731667
2025-08-02 20:00:00,60.913333
2025-08-02 21:00:00,49.174167
2025-08-02 22:00:00,75.7625
2025-08-02 23:00:00,20.74
2025-08-03 00:00:00,41.018333
2025-08-03 01:00:00,50.506667
2025-08-03 02:00:00,110.42333
2025-08-03 03:00:00,195.58167
2025-08-03 04:00:00,220.15083
2025-08-03 05:00:00,192.71667
2025-08-03 06:00:00,187.32333
2025-08-03 07:00:00,191.635
2025-08-03 08:00:00,189.40167
2025-08-03 09:00:00,133.46333
2025-08-03 10:00:00,108.38083
2025-08-03 11:00:00,83.355833
2025-08-03 12:00:00,76.265833
2025-08-03 13:00:00,74.2675
2025-08-03 14:00:00,75.8425
2025-08-03 15:00:00,66.788333
2025-08-03 16:00:00,72.025
2025-08-03 17:00:00,55.1975
2025-08-03 18:00:00,11.49
2025-08-03 19:00:00,6.1
2025-08-03 20:00:00,-7.3833333
2025-08-03 21:00:00,-7.45
2025-08-03 22:00:00,-13.1425
2025-08-03 23:00:00,-7.5116667
2025-08-04 00:00:00,0.53166667
2025-08-04 01:00:00,17.724167
2025-08-04 02:00:00,75.699167
2025-08-04 03:00:00,165.79333
2025-08-04 04:00:00,155.15167
2025-08-04 05:00:00,117.37333
2025-08-04 06:00:00,90.179167
2025-08-04 07:00:00,76.7675
2025-08-04 08:00:00,83.600833
2025-08-04 09:00:00,78.49
2025-08-04 10:00:00,76.753333
2025-08-04 11:00:00,62.485
2025-08-04 12:00:00,61.17
2025-08-04 13:00:00,59.364167
2025-08-04 14:00:00,70.421667
2025-08-04 15:00:00,97.084167
2025-08-04 16:00:00,152.505
2025-08-04 17:00:00,130.59583
2025-08-04 18:00:00,15.559167
2025-08-04 19:00:00,18.858333
2025-08-04 20:00:00,21.610833
2025-08-04 21:00:00,40.496667
2025-08-04 22:00:00,19.180833
2025-08-04 23:00:00,-9.815
2025-08-05 00:00:00,7.485
2025-08-05 01:00:00,27.7125
2025-08-05 02:00:00,84.320833
2025-08-05 03:00:00,238.95167
2025-08-05 04:00:00,244.73333
2025-08-05 05:00:00,162.21417
2025-08-05 06:00:00,158.99
2025-08-05 07:00:00,124.01833
2025-08-05 08:00:00,108.25833
2025-08-05 09:00:00,99.056667
2025-08-05 10:00:00,86.925
2025-08-05 11:00:00,84.938333
2025-08-05 12:00:00,83.299167
2025-08-05 13:00:00,89.9
2025-08-05 14:00:00,93.054167
2025-08-05 15:00:00,90.5575
2025-08-05 16:00:00,112.2875
2025-08-05 17:00:00,90.648333
2025-08-05 18:00:00,21.779167
2025-08-05 19:00:00,6.1641667
2025-08-05 20:00:00,-11.283333
2025-08-05 21:00:00,-15.304167
2025-08-05 22:00:00,-15.774167
2025-08-05 23:00:00,-15.5025
2025-08-06 00:00:00,-13.373333
2025-08-06 01:00:00,-9.1008333
2025-08-06 02:00:00,70.251667
2025-08-06 03:00:00,184.0325
2025-08-06 04:00:00,174.095
2025-08-06 05:00:00,152.14667
2025-08-06 06:00:00,119.59
2025-08-06 07:00:00,87.361667
2025-08-06 08:00:00,84.374167
2025-08-06 09:00:00,85.028333
2025-08-06 10:00:00,78.658333
2025-08-06 11:00:00,75.8375
2025-08-06 12:00:00,80.8825
2025-08-06 13:00:00,78.145
2025-08-06 14:00:00,79.1125
2025-08-06 15:00:00,83.815833
2025-08-06 16:00:00,182.3625
2025-08-06 17:00:00,177.1075
2025-08-06 18:00:00,18.763333
2025-08-06 19:00:00,18.35
2025-08-06 20:00:00,3.7183333
2025-08-06 21:00:00,-6.6541667
2025-08-06 22:00:00,-12.915833
2025-08-06 23:00:00,-2.8925
2025-08-07 00:00:00,13.908333
2025-08-07 01:00:00,14.911667
2025-08-07 02:00:00,163.29583
2025-08-07 03:00:00,252.64917
2025-08-07 04:00:00,288.2125
2025-08-07 05:00:00,314.12167
2025-08-07 06:00:00,290.11
2025-08-07 07:00:00,251.475
2025-08-07 08:00:00,236.2225
2025-08-07 09:00:00,177.0875
2025-08-07 10:00:00,146.94
2025-08-07 11:00:00,149.12
2025-08-07 12:00:00,113.25667
2025-08-07 13:00:00,132.67
2025-08-07 14:00:00,170.46417
2025-08-07 15:00:00,245.97
2025-08-07 16:00:00,290.03583
2025-08-07 17:00:00,241.1525
2025-08-07 18:00:00,110.20083
2025-08-07 19:00:00,99.4425
2025-08-07 20:00:00,72.081667
2025-08-07 21:00:00,71.299167
2025-08-07 22:00:00,79.826667
2025-08-07 23:00:00,116.74917
2025-08-08 00:00:00,113.6325
2025-08-08 01:00:00,112.40833
2025-08-08 02:00:00,183.08083
2025-08-08 03:00:00,336.125
2025-08-08 04:00:00,293.11333
2025-08-08 05:00:00,240.78667
2025-08-08 06:00:00,170.32833
2025-08-08 07:00:00,153.42667
2025-08-08 08:00:00,136.15917
2025-08-08 09:00:00,107.86333
2025-08-08 10:00:00,89.228333
2025-08-08 11:00:00,85.5225
2025-08-08 12:00:00,83.113333
2025-08-08 13:00:00,74.3
2025-08-08 14:00:00,71.2725
2025-08-08 15:00:00,82.956667
2025-08-08 16:00:00,111.97083
2025-08-08 17:00:00,166.43917
2025-08-08 18:00:00,113.58917
2025-08-08 19:00:00,93.325833
2025-08-08 20:00:00,81.434167
2025-08-08 21:00:00,64.983333
2025-08-08 22:00:00,60.064167
2025-08-08 23:00:00,64.75
2025-08-09 00:00:00,92.28
2025-08-09 01:00:00,95.718333
2025-08-09 02:00:00,125.25333
2025-08-09 03:00:00,175.44917
2025-08-09 04:00:00,172.775
2025-08-09 05:00:00,144.2425
2025-08-09 06:00:00,125.49333
2025-08-09 07:00:00,107.98917
2025-08-09 08:00:00,99.321667
2025-08-09 09:00:00,90.3
2025-08-09 10:00:00,83.7625
2025-08-09 11:00:00,80.175833
2025-08-09 12:00:00,75.2375
2025-08-09 13:00:00,76.6125
2025-08-09 14:00:00,77.496667
2025-08-09 15:00:00,80.91
2025-08-09 16:00:00,84.913333
2025-08-09 17:00:00,81.2425
2025-08-09 18:00:00,62.065833
2025-08-09 19:00:00,53.905833
2025-08-09 20:00:00,41.374167
2025-08-09 21:00:00,30.221667
2025-08-09 22:00:00,15.188333
2025-08-09 23:00:00,31.230833
2025-08-10 00:00:00,47.443333
2025-08-10 01:00:00,52.546667
2025-08-10 02:00:00,80.8825
2025-08-10 03:00:00,155.90833
2025-08-10 04:00:00,143.15083
2025-08-10 05:00:00,123.4075
2025-08-10 06:00:00,108.33833
2025-08-10 07:00:00,104.7275
2025-08-10 08:00:00,97.405833
2025-08-10 09:00:00,93.570833
2025-08-10 10:00:00,86.294167
2025-08-10 11:00:00,84.180833
2025-08-10 12:00:00,84.8925
2025-08-10 13:00:00,84.764167
2025-08-10 14:00:00,84.991667
2025-08-10 15:00:00,93.894167
2025-08-10 16:00:00,97.159167
2025-08-10 17:00:00,45.8225
2025-08-10 18:00:00,18.123333
2025-08-10 19:00:00,16.650833
2025-08-10 20:00:00,47.375833
2025-08-10 21:00:00,37.164167
2025-08-10 22:00:00,32.765
2025-08-10 23:00:00,27.241667
2025-08-11 00:00:00,17.125
2025-08-11 01:00:00,29.8475
2025-08-11 02:00:00,86.080833
2025-08-11 03:00:00,169.89417
2025-08-11 04:00:00,174.8425
2025-08-11 05:00:00,139.48667
2025-08-11 06:00:00,126.6775
2025-08-11 07:00:00,99.49
2025-08-11 08:00:00,83.224167
2025-08-11 09:00:00,79.063333
2025-08-11 10:00:00,72.963333
2025-08-11 11:00:00,63.965833
2025-08-11 12:00:00,69.498333
2025-08-11 13:00:00,64.300833
2025-08-11 14:00:00,82.200833
2025-08-11 15:00:00,83.39
2025-08-11 16:00:00,132.73167
2025-08-11 17:00:00,125.5975
2025-08-11 18:00:00,55.783333
2025-08-11 19:00:00,58.369167
2025-08-11 20:00:00,38.664167
2025-08-11 21:00:00,49.536667
2025-08-11 22:00:00,27.763333
2025-08-11 23:00:00,24.6725
2025-08-12 00:00:00,28.026667
2025-08-12 01:00:00,42.6825
2025-08-12 02:00:00,108.65667
2025-08-12 03:00:00,208.55167
2025-08-12 04:00:00,210.27833
2025-08-12 05:00:00,170.63083
2025-08-12 06:00:00,150.25417
2025-08-12 07:00:00,104.32917
2025-08-12 08:00:00,98.049167
2025-08-12 09:00:00,91.3625
2025-08-12 10:00:00,82.498333
2025-08-12 11:00:00,80.731667
2025-08-12 12:00:00,78.07
2025-08-12 13:00:00,79.730833
2025-08-12 14:00:00,76.441667
2025-08-12 15:00:00,84.201667
2025-08-12 16:00:00,129.80917
2025-08-12 17:00:00,172.61
2025-08-12 18:00:00,62.748333
2025-08-12 19:00:00,45.2575
2025-08-12 20:00:00,13.050833
2025-08-12 21:00:00,-2.0833333
2025-08-12 22:00:00,11.216667
2025-08-12 23:00:00,24.605833
2025-08-13 00:00:00,41.313333
2025-08-13 01:00:00,46.356667
2025-08-13 02:00:00,139.1225
2025-08-13 03:00:00,271.69667
2025-08-13 04:00:00,243.24
2025-08-13 05:00:00,219.8375
2025-08-13 06:00:00,163.63583
2025-08-13 07:00:00,169.705
2025-08-13 08:00:00,165.57917
2025-08-13 09:00:00,117.0
2025-08-13 10:00:00,106.2975
2025-08-13 11:00:00,120.1725
2025-08-13 12:00:00,112.195
2025-08-13 13:00:00,115.27583
2025-08-13 14:00:00,122.63083
2025-08-13 15:00:00,150.54583
2025-08-13 16:00:00,240.98583
2025-08-13 17:00:00,258.2575
2025-08-13 18:00:00,122.2725
2025-08-13 19:00:00,63.243333
2025-08-13 20:00:00,56.0725
2025-08-13 21:00:00,40.103333
2025-08-13 22:00:00,69.195
2025-08-13 23:00:00,59.800833
2025-08-14 00:00:00,60.044167
2025-08-14 01:00:00,83.37
2025-08-14 02:00:00,146.57583
2025-08-14 03:00:00,247.36667
2025-08-14 04:00:00,241.39583
2025-08-14 05:00:00,212.44833
2025-08-14 06:00:00,225.89583
2025-08-14 07:00:00,206.09083
2025-08-14 08:00:00,174.57833
2025-08-14 09:00:00,157.88667
2025-08-14 10:00:00,225.07667
2025-08-14 11:00:00,127.205
2025-08-14 12:00:00,111.18583
2025-08-14 13:00:00,112.36083
2025-08-14 14:00:00,131.1475
2025-08-14 15:00:00,157.48417
2025-08-14 16:00:00,198.04083
2025-08-14 17:00:00,149.50917
2025-08-14 18:00:00,90.018333
2025-08-14 19:00:00,84.148333
2025-08-14 20:00:00,78.474167
2025-08-14 21:00:00,102.78333
2025-08-14 22:00:00,93.809167
2025-08-14 23:00:00,68.143333
2025-08-15 00:00:00,112.78083
2025-08-15 01:00:00,100.58917
2025-08-15 02:00:00,84.493333
2025-08-15 03:00:00,146.80917
2025-08-15 04:00:00,161.11833
2025-08-15 05:00:00,155.48167
2025-08-15 06:00:00,132.23
2025-08-15 07:00:00,102.3475
2025-08-15 08:00:00,95.000833
2025-08-15 09:00:00,84.7175
2025-08-15 10:00:00,86.028333
2025-08-15 11:00:00,79.121667
2025-08-15 12:00:00,72.0775
2025-08-15 13:00:00,78.038333
2025-08-15 14:00:00,80.029167
2025-08-15 15:00:00,83.248333
2025-08-15 16:00:00,144.3975
2025-08-15 17:00:00,133.19167
2025-08-15 18:00:00,39.470833
2025-08-15 19:00:00,55.366667
2025-08-15 20:00:00,9.8933333
2025-08-15 21:00:00,25.591667
2025-08-15 22:00:00,7.1458333
2025-08-15 23:00:00,6.9208333
2025-08-16 00:00:00,5.2958333
2025-08-16 01:00:00,37.76
2025-08-16 02:00:00,32.578333
2025-08-16 03:00:00,123.8175
2025-08-16 04:00:00,158.5325
2025-08-16 05:00:00,163.51
2025-08-16 06:00:00,168.75333
2025-08-16 07:00:00,153.86833
2025-08-16 08:00:00,102.055
2025-08-16 09:00:00,92.050833
2025-08-16 10:00:00,83.345833
2025-08-16 11:00:00,83.1625
2025-08-16 12:00:00,76.2175
2025-08-16 13:00:00,75.911667
2025-08-16 14:00:00,84.041667
2025-08-16 15:00:00,92.556667
2025-08-16 16:00:00,118.51083
2025-08-16 17:00:00,59.285833
2025-08-16 18:00:00,40.931667
2025-08-16 19:00:00,-2.3625
2025-08-16 20:00:00,1.515
2025-08-16 21:00:00,-5.6358333
2025-08-16 22:00:00,-9.3216667
2025-08-16 23:00:00,-5.7383333
2025-08-17 00:00:00,-8.3875
2025-08-17 01:00:00,1.1258333
2025-08-17 02:00:00,39.715
2025-08-17 03:00:00,147.11167
2025-08-17 04:00:00,196.99
2025-08-17 05:00:00,189.33583
2025-08-17 06:00:00,185.3875
2025-08-17 07:00:00,152.71667
2025-08-17 08:00:00,121.97917
2025-08-17 09:00:00,89.166667
2025-08-17 10:00:00,82.001667
2025-08-17 11:00:00,84.794167
2025-08-17 12:00:00,84.476667
2025-08-17 13:00:00,85.925833
2025-08-17 14:00:00,86.32
2025-08-17 15:00:00,87.7725
2025-08-17 16:00:00,93.155
2025-08-17 17:00:00,51.0675
2025-08-17 18:00:00,38.435833
2025-08-17 19:00:00,27.2925
2025-08-17 20:00:00,-6.325
2025-08-17 21:00:00,-14.298333
2025-08-17 22:00:00,-19.228333
2025-08-17 23:00:00,-20.644167
2025-08-18 00:00:00,-4.4516667
2025-08-18 01:00:00,42.376667
2025-08-18 02:00:00,86.435833
2025-08-18 03:00:00,208.80417
2025-08-18 04:00:00,269.61917
2025-08-18 05:00:00,263.26583
2025-08-18 06:00:00,212.63583
2025-08-18 07:00:00,200.1925
2025-08-18 08:00:00,162.59667
2025-08-18 09:00:00,152.17917
2025-08-18 10:00:00,152.84333
2025-08-18 11:00:00,156.515
2025-08-18 12:00:00,152.05583
2025-08-18 13:00:00,153.07083
2025-08-18 14:00:00,151.09917
2025-08-18 15:00:00,158.11417
2025-08-18 16:00:00,247.15083
2025-08-18 17:00:00,216.99583
2025-08-18 18:00:00,44.790833
2025-08-18 19:00:00,60.37
2025-08-18 20:00:00,-2.2
2025-08-18 21:00:00,111.05417
2025-08-18 22:00:00,88.660833
2025-08-18 23:00:00,122.63667
2025-08-19 00:00:00,122.32333
2025-08-19 01:00:00,133.88
2025-08-19 02:00:00,312.4975
2025-08-19 03:00:00,650.705
2025-08-19 04:00:00,637.42
2025-08-19 05:00:00,599.99
2025-08-19 06:00:00,561.9475
2025-08-19 07:00:00,291.18167
2025-08-19 08:00:00,179.58083
2025-08-19 09:00:00,149.31417
2025-08-19 10:00:00,118.99417
2025-08-19 11:00:00,101.8225
2025-08-19 12:00:00,90.8725
2025-08-19 13:00:00,87.304167
2025-08-19 14:00:00,86.455
2025-08-19 15:00:00,113.97
2025-08-19 16:00:00,236.30333
2025-08-19 17:00:00,298.69
2025-08-19 18:00:00,133.305
2025-08-19 19:00:00,115.1175
2025-08-19 20:00:00,63.086667
2025-08-19 21:00:00,120.87583
2025-08-19 22:00:00,123.02583
2025-08-19 23:00:00,43.649167
2025-08-20 00:00:00,33.36
2025-08-20 01:00:00,75.37
2025-08-20 02:00:00,189.09417
2025-08-20 03:00:00,398.00667
2025-08-20 04:00:00,599.99
2025-08-20 05:00:00,572.43083
2025-08-20 06:00:00,329.46417
2025-08-20 07:00:00,250.62583
2025-08-20 08:00:00,166.80583
2025-08-20 09:00:00,101.33083
2025-08-20 10:00:00,99.991667
2025-08-20 11:00:00,102.2575
2025-08-20 12:00:00,102.53083
2025-08-20 13:00:00,94.776667
2025-08-20 14:00:00,102.07833
2025-08-20 15:00:00,104.9375
2025-08-20 16:00:00,213.54667
2025-08-20 17:00:00,264.75
2025-08-20 18:00:00,164.435
2025-08-20 19:00:00,106.28667
2025-08-20 20:00:00,78.481667
2025-08-20 21:00:00,70.2075
2025-08-20 22:00:00,79.7275
2025-08-20 23:00:00,51.744167
2025-08-21 00:00:00,82.42
2025-08-21 01:00:00,77.691667
2025-08-21 02:00:00,143.815
2025-08-21 03:00:00,239.5075
2025-08-21 04:00:00,234.84417
2025-08-21 05:00:00,163.19667
2025-08-21 06:00:00,155.37417
2025-08-21 07:00:00,110.31917
2025-08-21 08:00:00,84.158333
2025-08-21 09:00:00,71.845833
2025-08-21 10:00:00,56.465833
2025-08-21 11:00:00,62.099167
2025-08-21 12:00:00,74.469167
2025-08-21 13:00:00,61.45
2025-08-21 14:00:00,71.886667
2025-08-21 15:00:00,80.565
2025-08-21 16:00:00,192.9325
2025-08-21 17:00:00,252.17417
2025-08-21 18:00:00,144.07583
2025-08-21 19:00:00,84.464167
2025-08-21 20:00:00,66.396667
2025-08-21 21:00:00,67.9075
2025-08-21 22:00:00,78.836667
2025-08-21 23:00:00,77.529167
2025-08-22 00:00:00,63.015
2025-08-22 01:00:00,100.0475
2025-08-22 02:00:00,188.6775
2025-08-22 03:00:00,273.20917
2025-08-22 04:00:00,321.125
2025-08-22 05:00:00,269.75333
2025-08-22 06:00:00,264.665
2025-08-22 07:00:00,202.63167
2025-08-22 08:00:00,161.21583
2025-08-22 09:00:00,102.535
2025-08-22 10:00:00,102.04833
2025-08-22 11:00:00,100.1
2025-08-22 12:00:00,93.0325
2025-08-22 13:00:00,94.116667
2025-08-22 14:00:00,104.28917
2025-08-22 15:00:00,110.98833
2025-08-22 16:00:00,183.825
2025-08-22 17:00:00,173.94417
2025-08-22 18:00:00,110.13083
2025-08-22 19:00:00,69.264167
2025-08-22 20:00:00,62.4575
2025-08-22 21:00:00,82.613333
2025-08-22 22:00:00,56.9275
2025-08-22 23:00:00,54.000833
2025-08-23 00:00:00,64.468333
2025-08-23 01:00:00,100.11833
2025-08-23 02:00:00,123.02917
2025-08-23 03:00:00,202.06833
2025-08-23 04:00:00,203.99583
2025-08-23 05:00:00,154.1
2025-08-23 06:00:00,154.555
2025-08-23 07:00:00,162.1675
2025-08-23 08:00:00,161.61583
2025-08-23 09:00:00,133.82083
2025-08-23 10:00:00,120.26083
2025-08-23 11:00:00,108.71833
2025-08-23 12:00:00,99.205
2025-08-23 13:00:00,94.676667
2025-08-23 14:00:00,87.818333
2025-08-23 15:00:00,103.4725
2025-08-23 16:00:00,137.095
2025-08-23 17:00:00,56.5925
2025-08-23 18:00:00,43.184167
2025-08-23 19:00:00,38.510833
2025-08-23 20:00:00,28.803333
2025-08-23 21:00:00,26.528333
2025-08-23 22:00:00,28.756667
2025-08-23 23:00:00,33.598333
2025-08-24 00:00:00,26.3125
2025-08-24 01:00:00,26.799167
2025-08-24 02:00:00,92.5825
2025-08-24 03:00:00,140.23917
2025-08-24 04:00:00,145.12167
2025-08-24 05:00:00,149.6875
2025-08-24 06:00:00,162.99167
2025-08-24 07:00:00,213.9375
2025-08-24 08:00:00,164.13583
2025-08-24 09:00:00,127.49583
2025-08-24 10:00:00,140.45583
2025-08-24 11:00:00,134.6875
2025-08-24 12:00:00,104.93833
2025-08-24 13:00:00,106.525
2025-08-24 14:00:00,109.02167
2025-08-24 15:00:00,108.53417
2025-08-24 16:00:00,127.15833
2025-08-24 17:00:00,61.608333
2025-08-24 18:00:00,35.9125
2025-08-24 19:00:00,12.259167
2025-08-24 20:00:00,10.990833
2025-08-24 21:00:00,10.353333
2025-08-24 22:00:00,7.525
2025-08-24 23:00:00,74.364167
2025-08-25 00:00:00,44.351667
2025-08-25 01:00:00,65.025
2025-08-25 02:00:00,133.0875
2025-08-25 03:00:00,171.38333
2025-08-25 04:00:00,185.99583
2025-08-25 05:00:00,159.98333
2025-08-25 06:00:00,139.92917
2025-08-25 07:00:00,113.71
2025-08-25 08:00:00,96.808333
2025-08-25 09:00:00,92.736667
2025-08-25 10:00:00,86.459167
2025-08-25 11:00:00,80.691667
2025-08-25 12:00:00,79.708333
2025-08-25 13:00:00,81.3275
2025-08-25 14:00:00,80.486667
2025-08-25 15:00:00,88.69
2025-08-25 16:00:00,184.02167
2025-08-25 17:00:00,127.45833
2025-08-25 18:00:00,46.925833
2025-08-25 19:00:00,36.6875
2025-08-25 20:00:00,4.0608333
2025-08-25 21:00:00,-9.3541667
2025-08-25 22:00:00,-14.245833
2025-08-25 23:00:00,1.625
2025-08-26 00:00:00,42.815
2025-08-26 01:00:00,-2.8325
2025-08-26 02:00:00,94.959167
2025-08-26 03:00:00,183.17583
2025-08-26 04:00:00,183.9825
2025-08-26 05:00:00,149.40833
2025-08-26 06:00:00,118.3175
2025-08-26 07:00:00,105.995
2025-08-26 08:00:00,92.835833
2025-08-26 09:00:00,83.284167
2025-08-26 10:00:00,77.5325
2025-08-26 11:00:00,69.148333
2025-08-26 12:00:00,70.861667
2025-08-26 13:00:00,74.638333
2025-08-26 14:00:00,74.551667
2025-08-26 15:00:00,75.684167
2025-08-26 16:00:00,89.435
2025-08-26 17:00:00,47.945833
2025-08-26 18:00:00,6.6925
2025-08-26 19:00:00,5.985
2025-08-26 20:00:00,-13.735
2025-08-26 21:00:00,-21.546667
2025-08-26 22:00:00,-20.029167
2025-08-26 23:00:00,-4.7583333
2025-08-27 00:00:00,60.371667
2025-08-27 01:00:00,60.300833
2025-08-27 02:00:00,114.205
2025-08-27 03:00:00,173.86417
2025-08-27 04:00:00,145.67583
2025-08-27 05:00:00,105.23917
2025-08-27 06:00:00,88.773333
2025-08-27 07:00:00,84.666667
2025-08-27 08:00:00,79.831667
2025-08-27 09:00:00,64.349167
2025-08-27 10:00:00,59.570833
2025-08-27 11:00:00,59.454167
2025-08-27 12:00:00,61.3125
2025-08-27 13:00:00,57.411667
2025-08-27 14:00:00,62.173333
2025-08-27 15:00:00,82.978333
2025-08-27 16:00:00,87.356667
2025-08-27 17:00:00,43.366667
2025-08-27 18:00:00,20.970833
2025-08-27 19:00:00,50.561667
2025-08-27 20:00:00,33.418333
2025-08-27 21:00:00,55.708333
2025-08-27 22:00:00,35.943333
2025-08-27 23:00:00,20.381667
2025-08-28 00:00:00,-2.46
2025-08-28 01:00:00,-13.7125
2025-08-28 02:00:00,19.118333
2025-08-28 03:00:00,103.89
2025-08-28 04:00:00,120.08333
2025-08-28 05:00:00,110.04083
2025-08-28 06:00:00,108.05417
2025-08-28 07:00:00,80.644167
2025-08-28 08:00:00,72.779167
2025-08-28 09:00:00,61.573333
2025-08-28 10:00:00,63.155
2025-08-28 11:00:00,70.95
2025-08-28 12:00:00,78.085833
2025-08-28 13:00:00,77.151667
2025-08-28 14:00:00,75.576667
2025-08-28 15:00:00,83.084167
2025-08-28 16:00:00,149.9175
2025-08-28 17:00:00,48.7575
2025-08-28 18:00:00,-7.0116667
2025-08-28 19:00:00,-14.650833
2025-08-28 20:00:00,-12.41
2025-08-28 21:00:00,-13.040833
2025-08-28 22:00:00,-23.7
2025-08-28 23:00:00,-21.584167
2025-08-29 00:00:00,-17.838333
2025-08-29 01:00:00,-11.789167
2025-08-29 02:00:00,33.53
2025-08-29 03:00:00,116.29417
2025-08-29 04:00:00,136.125
2025-08-29 05:00:00,102.2275
2025-08-29 06:00:00,113.13
2025-08-29 07:00:00,117.325
2025-08-29 08:00:00,85.069167
2025-08-29 09:00:00,75.4675
2025-08-29 10:00:00,87.098333
2025-08-29 11:00:00,84.354167
2025-08-29 12:00:00,73.0425
2025-08-29 13:00:00,70.693333
2025-08-29 14:00:00,75.1725
2025-08-29 15:00:00,80.6375
2025-08-29 16:00:00,173.58583
2025-08-29 17:00:00,49.249167
2025-08-29 18:00:00,0.91416667
2025-08-29 19:00:00,1.4958333
2025-08-29 20:00:00,-14.683333
2025-08-29 21:00:00,-0.93583333
2025-08-29 22:00:00,15.164167
2025-08-29 23:00:00,12.8425
2025-08-30 00:00:00,27.294167
2025-08-30 01:00:00,16.686667
2025-08-30 02:00:00,40.110833
2025-08-30 03:00:00,126.34583
2025-08-30 04:00:00,68.310833
2025-08-30 05:00:00,80.069167
2025-08-30 06:00:00,101.62333
2025-08-30 07:00:00,83.8325
2025-08-30 08:00:00,55.7825
2025-08-30 09:00:00,52.403333
2025-08-30 10:00:00,50.5975
2025-08-30 11:00:00,48.398333
2025-08-30 12:00:00,37.471667
2025-08-30 13:00:00,37.2475
2025-08-30 14:00:00,48.690833
2025-08-30 15:00:00,58.5475
2025-08-30 16:00:00,55.548333
2025-08-30 17:00:00,9.5625
2025-08-30 18:00:00,10.465833
2025-08-30 19:00:00,17.533333
2025-08-30 20:00:00,-5.8391667
2025-08-30 21:00:00,-12.8975
2025-08-30 22:00:00,-15.581667
2025-08-30 23:00:00,-16.468333
2025-08-31 00:00:00,-15.264167
2025-08-31 01:00:00,-12.766667
2025-08-31 02:00:00,30.83
2025-08-31 03:00:00,102.3
2025-08-31 04:00:00,106.935
2025-08-31 05:00:00,104.35
2025-08-31 06:00:00,102.23667
2025-08-31 07:00:00,93.344167
2025-08-31 08:00:00,92.7975
2025-08-31 09:00:00,89.821667
2025-08-31 10:00:00,84.189167
2025-08-31 11:00:00,87.2175
2025-08-31 12:00:00,97.699167
2025-08-31 13:00:00,98.5975
2025-08-31 14:00:00,104.90083
2025-08-31 15:00:00,118.23083
2025-08-31 16:00:00,115.46583
2025-08-31 17:00:00,46.896667
2025-08-31 18:00:00,14.534167
2025-08-31 19:00:00,6.6941667
2025-08-31 20:00:00,6.5383333
2025-08-31 21:00:00,-0.9525
2025-08-31 22:00:00,-10.665
2025-08-31 23:00:00,-12.353333
2025-09-01 00:00:00,-10.818333
2025-09-01 01:00:00,-8.73
2025-09-01 02:00:00,47.521667
2025-09-01 03:00:00,116.465
2025-09-01 04:00:00,145.06083
2025-09-01 05:00:00,147.0175
2025-09-01 06:00:00,148.27917
2025-09-01 07:00:00,139.2375
2025-09-01 08:00:00,117.73917
2025-09-01 09:00:00,107.605
2025-09-01 10:00:00,123.03583
2025-09-01 11:00:00,117.46833
2025-09-01 12:00:00,112.37417
2025-09-01 13:00:00,121.98333
2025-09-01 14:00:00,134.51083
2025-09-01 15:00:00,164.58583
2025-09-01 16:00:00,224.21917
2025-09-01 17:00:00,254.44667
2025-09-01 18:00:00,142.73917
2025-09-01 19:00:00,88.830833
2025-09-01 20:00:00,40.87
2025-09-01 21:00:00,33.44
2025-09-01 22:00:00,41.429167
2025-09-01 23:00:00,41.7975
2025-09-02 00:00:00,70.065833
2025-09-02 01:00:00,126.78833
2025-09-02 02:00:00,141.89417
2025-09-02 03:00:00,493.48167
2025-09-02 04:00:00,577.40583
2025-09-02 05:00:00,476.9475
2025-09-02 06:00:00,467.95583
2025-09-02 07:00:00,483.04417
2025-09-02 08:00:00,302.36833
2025-09-02 09:00:00,225.83167
2025-09-02 10:00:00,243.89667
2025-09-02 11:00:00,202.95667
2025-09-02 12:00:00,214.555
2025-09-02 13:00:00,233.89167
2025-09-02 14:00:00,224.4725
2025-09-02 15:00:00,239.59583
2025-09-02 16:00:00,269.27
2025-09-02 17:00:00,126.47833
2025-09-02 18:00:00,54.438333
2025-09-02 19:00:00,26.704167
2025-09-02 20:00:00,15.049167
2025-09-02 21:00:00,56.561667
2025-09-02 22:00:00,6.295
2025-09-02 23:00:00,7.0133333
2025-09-03 00:00:00,22.195
2025-09-03 01:00:00,7.67
2025-09-03 02:00:00,68.476667
2025-09-03 03:00:00,232.94083
2025-09-03 04:00:00,264.74333
2025-09-03 05:00:00,161.49667
2025-09-03 06:00:00,159.165
2025-09-03 07:00:00,135.42417
2025-09-03 08:00:00,109.12833
2025-09-03 09:00:00,106.95917
2025-09-03 10:00:00,97.585833
2025-09-03 11:00:00,82.621667
2025-09-03 12:00:00,90.963333
2025-09-03 13:00:00,105.26417
2025-09-03 14:00:00,109.4325
2025-09-03 15:00:00,108.6025
2025-09-03 16:00:00,158.025
2025-09-03 17:00:00,57.046667
2025-09-03 18:00:00,17.708333
2025-09-03 19:00:00,0.58
2025-09-03 20:00:00,-12.169167
2025-09-03 21:00:00,-17.289167
2025-09-03 22:00:00,-16.690833
2025-09-03 23:00:00,-17.284167
2025-09-04 00:00:00,-14.8725
2025-09-04 01:00:00,-6.1708333
2025-09-04 02:00:00,59.130833
2025-09-04 03:00:00,131.2325
2025-09-04 04:00:00,136.61333
2025-09-04 05:00:00,129.14167
2025-09-04 06:00:00,108.075
2025-09-04 07:00:00,105.505
2025-09-04 08:00:00,87.8625
2025-09-04 09:00:00,66.201667
2025-09-04 10:00:00,64.9625
2025-09-04 11:00:00,75.599167
2025-09-04 12:00:00,81.0625
2025-09-04 13:00:00,59.383333
2025-09-04 14:00:00,61.823333
2025-09-04 15:00:00,71.606667
2025-09-04 16:00:00,103.76833
2025-09-04 17:00:00,87.818333
2025-09-04 18:00:00,44.896667
2025-09-04 19:00:00,5.9766667
2025-09-04 20:00:00,16.643333
2025-09-04 21:00:00,-9.9783333
2025-09-04 22:00:00,-10.4925
2025-09-04 23:00:00,-12.021667
2025-09-05 00:00:00,-8.7166667
2025-09-05 01:00:00,-4.7691667
2025-09-05 02:00:00,52.725
2025-09-05 03:00:00,151.68667
2025-09-05 04:00:00,167.69583
2025-09-05 05:00:00,180.78667
2025-09-05 06:00:00,213.2025
2025-09-05 07:00:00,177.605
2025-09-05 08:00:00,156.50417
2025-09-05 09:00:00,131.70833
2025-09-05 10:00:00,132.89417
2025-09-05 11:00:00,125.71833
2025-09-05 12:00:00,123.26333
2025-09-05 13:00:00,118.42583
2025-09-05 14:00:00,137.52333
2025-09-05 15:00:00,159.78417
2025-09-05 16:00:00,273.4075
2025-09-05 17:00:00,79.9075
2025-09-05 18:00:00,23.698333
2025-09-05 19:00:00,24.365833
2025-09-05 20:00:00,9.1175
2025-09-05 21:00:00,9.2125
2025-09-05 22:00:00,13.97
2025-09-05 23:00:00,27.154167
2025-09-06 00:00:00,36.364167
2025-09-06 01:00:00,59.4375
2025-09-06 02:00:00,141.12167
2025-09-06 03:00:00,227.78917
2025-09-06 04:00:00,170.0675
2025-09-06 05:00:00,122.79833
2025-09-06 06:00:00,84.93
2025-09-06 07:00:00,78.8225
2025-09-06 08:00:00,96.059167
2025-09-06 09:00:00,92.85
2025-09-06 10:00:00,94.416667
2025-09-06 11:00:00,97.02
2025-09-06 12:00:00,79.63
2025-09-06 13:00:00,67.729167
2025-09-06 14:00:00,69.486667
2025-09-06 15:00:00,68.021667
2025-09-06 16:00:00,94.220833
2025-09-06 17:00:00,21.5475
2025-09-06 18:00:00,-7.2741667
2025-09-06 19:00:00,-12.985833
2025-09-06 20:00:00,-15.518333
2025-09-06 21:00:00,-14.191667
2025-09-06 22:00:00,-18.773333
2025-09-06 23:00:00,-22.1475
2025-09-07 00:00:00,-17.713333
2025-09-07 01:00:00,-9.8825
2025-09-07 02:00:00,76.1475
2025-09-07 03:00:00,102.99083
2025-09-07 04:00:00,100.54
2025-09-07 05:00:00,82.0025
2025-09-07 06:00:00,72.045833
2025-09-07 07:00:00,77.009167
2025-09-07 08:00:00,75.945833
2025-09-07 09:00:00,72.085
2025-09-07 10:00:00,74.969167
2025-09-07 11:00:00,68.556667
2025-09-07 12:00:00,58.295
2025-09-07 13:00:00,57.0025
2025-09-07 14:00:00,59.596667
2025-09-07 15:00:00,55.56
2025-09-07 16:00:00,41.533333
2025-09-07 17:00:00,-7.9275
2025-09-07 18:00:00,-11.874167
2025-09-07 19:00:00,-12.283333
2025-09-07 20:00:00,-14.118333
2025-09-07 21:00:00,-17.175833
2025-09-07 22:00:00,-14.995833
2025-09-07 23:00:00,3.6683333
2025-09-08 00:00:00,31.665833
2025-09-08 01:00:00,61.508333
2025-09-08 02:00:00,65.74
2025-09-08 03:00:00,75.393333
2025-09-08 04:00:00,78.645833
2025-09-08 05:00:00,68.465
2025-09-08 06:00:00,65.1475
2025-09-08 07:00:00,66.625833
2025-09-08 08:00:00,58.319167
2025-09-08 09:00:00,56.943333
2025-09-08 10:00:00,46.23
2025-09-08 11:00:00,35.846667
2025-09-08 12:00:00,35.131667
2025-09-08 13:00:00,36.966667
2025-09-08 14:00:00,46.68
2025-09-08 15:00:00,62.275833
2025-09-08 16:00:00,73.21
2025-09-08 17:00:00,26.578333
2025-09-08 18:00:00,-6.2041667
2025-09-08 19:00:00,-9.1216667
2025-09-08 20:00:00,-14.656667
2025-09-08 21:00:00,-16.169167
2025-09-08 22:00:00,-19.7025
2025-09-08 23:00:00,-19.960833
2025-09-09 00:00:00,-15.655833
2025-09-09 01:00:00,-16.601667
2025-09-09 02:00:00,19.528333
2025-09-09 03:00:00,119.19833
2025-09-09 04:00:00,131.29
2025-09-09 05:00:00,112.03917
2025-09-09 06:00:00,100.40167
2025-09-09 07:00:00,86.1775
2025-09-09 08:00:00,81.1425
2025-09-09 09:00:00,71.420833
2025-09-09 10:00:00,75.986667
2025-09-09 11:00:00,69.963333
2025-09-09 12:00:00,64.195
2025-09-09 13:00:00,65.059167
2025-09-09 14:00:00,85.315
2025-09-09 15:00:00,103.25917
2025-09-09 16:00:00,119.07083
2025-09-09 17:00:00,120.44667
2025-09-09 18:00:00,111.67
2025-09-09 19:00:00,43.2875
2025-09-09 20:00:00,62.216667
2025-09-09 21:00:00,109.90333
2025-09-09 22:00:00,33.405833
2025-09-09 23:00:00,13.8825
2025-09-10 00:00:00,17.0775
2025-09-10 01:00:00,35.574167
2025-09-10 02:00:00,120.7075
2025-09-10 03:00:00,261.99333
2025-09-10 04:00:00,237.42
2025-09-10 05:00:00,173.59167
2025-09-10 06:00:00,153.08833
2025-09-10 07:00:00,167.36417
2025-09-10 08:00:00,162.86333
2025-09-10 09:00:00,162.98917
2025-09-10 10:00:00,154.3925
2025-09-10 11:00:00,149.46667
2025-09-10 12:00:00,165.18083
2025-09-10 13:00:00,140.41417
2025-09-10 14:00:00,119.695
2025-09-10 15:00:00,116.57083
2025-09-10 16:00:00,158.19833
2025-09-10 17:00:00,195.77333
2025-09-10 18:00:00,287.52667
2025-09-10 19:00:00,239.14083
2025-09-10 20:00:00,183.36333
2025-09-10 21:00:00,122.30167
2025-09-10 22:00:00,86.193333
2025-09-10 23:00:00,81.086667
2025-09-11 00:00:00,74.495833
2025-09-11 01:00:00,76.141667
2025-09-11 02:00:00,89.2925
2025-09-11 03:00:00,147.2325
2025-09-11 04:00:00,161.31
2025-09-11 05:00:00,151.20583
2025-09-11 06:00:00,137.865
2025-09-11 07:00:00,114.22333
2025-09-11 08:00:00,112.295
2025-09-11 09:00:00,83.248333
2025-09-11 10:00:00,75.506667
2025-09-11 11:00:00,65.719167
2025-09-11 12:00:00,61.665833
2025-09-11 13:00:00,55.795833
2025-09-11 14:00:00,62.8875
2025-09-11 15:00:00,82.1025
2025-09-11 16:00:00,127.8625
2025-09-11 17:00:00,150.53667
2025-09-11 18:00:00,73.930833
2025-09-11 19:00:00,74.435833
2025-09-11 20:00:00,68.9775
2025-09-11 21:00:00,44.794167
2025-09-11 22:00:00,18.750833
2025-09-11 23:00:00,-5.4008333
2025-09-12 00:00:00,-12.414167
2025-09-12 01:00:00,39.2275
2025-09-12 02:00:00,77.429167
2025-09-12 03:00:00,231.93083
2025-09-12 04:00:00,247.14417
2025-09-12 05:00:00,225.25083
2025-09-12 06:00:00,227.9325
2025-09-12 07:00:00,185.72167
2025-09-12 08:00:00,152.15833
2025-09-12 09:00:00,150.72333
2025-09-12 10:00:00,134.31667
2025-09-12 11:00:00,125.37667
2025-09-12 12:00:00,120.72833
2025-09-12 13:00:00,128.55167
2025-09-12 14:00:00,129.91083
2025-09-12 15:00:00,155.15
2025-09-12 16:00:00,204.28917
2025-09-12 17:00:00,49.43
2025-09-12 18:00:00,11.483333
2025-09-12 19:00:00,-1.57
2025-09-12 20:00:00,-11.941667
2025-09-12 21:00:00,-11.460833
2025-09-12 22:00:00,-13.195
2025-09-12 23:00:00,-13.223333
2025-09-13 00:00:00,-12.195
2025-09-13 01:00:00,6.31
2025-09-13 02:00:00,81.4075
2025-09-13 03:00:00,140.49833
2025-09-13 04:00:00,154.295
2025-09-13 05:00:00,148.11667
2025-09-13 06:00:00,140.44917
2025-09-13 07:00:00,172.65833
2025-09-13 08:00:00,181.6175
2025-09-13 09:00:00,202.5175
2025-09-13 10:00:00,183.08167
2025-09-13 11:00:00,139.11917
2025-09-13 12:00:00,136.47917
2025-09-13 13:00:00,147.19917
2025-09-13 14:00:00,162.07667
2025-09-13 15:00:00,165.40083
2025-09-13 16:00:00,214.48833
2025-09-13 17:00:00,20.711667
2025-09-13 18:00:00,11.7675
2025-09-13 19:00:00,-0.635
2025-09-13 20:00:00,-9.9716667
2025-09-13 21:00:00,-9.6408333
2025-09-13 22:00:00,-6.2566667
2025-09-13 23:00:00,-12.031667
2025-09-14 00:00:00,-3.7791667
2025-09-14 01:00:00,41.284167
2025-09-14 02:00:00,34.3075
2025-09-14 03:00:00,206.54667
2025-09-14 04:00:00,275.01167
2025-09-14 05:00:00,143.80667
2025-09-14 06:00:00,142.0825
2025-09-14 07:00:00,145.48333
2025-09-14 08:00:00,136.42917
2025-09-14 09:00:00,110.35833
2025-09-14 10:00:00,94.5
2025-09-14 11:00:00,80.309167
2025-09-14 12:00:00,77.7725
2025-09-14 13:00:00,92.225833
2025-09-14 14:00:00,113.01083
2025-09-14 15:00:00,116.49
2025-09-14 16:00:00,98.405
2025-09-14 17:00:00,-14.871667
2025-09-14 18:00:00,-17.555
2025-09-14 19:00:00,-25.834167
2025-09-14 20:00:00,-32.603333
2025-09-14 21:00:00,-33.611667
2025-09-14 22:00:00,-36.546667
2025-09-14 23:00:00,-36.796667
2025-09-15 00:00:00,-29.09
2025-09-15 01:00:00,-18.179167
2025-09-15 02:00:00,32.58
2025-09-15 03:00:00,73.066667
2025-09-15 04:00:00,80.7425
2025-09-15 05:00:00,76.965
2025-09-15 06:00:00,75.66
2025-09-15 07:00:00,73.5675
2025-09-15 08:00:00,71.39
2025-09-15 09:00:00,66.088333
2025-09-15 10:00:00,68.5325
2025-09-15 11:00:00,57.056667
2025-09-15 12:00:00,56.909167
2025-09-15 13:00:00,44.434167
2025-09-15 14:00:00,43.791667
2025-09-15 15:00:00,58.978333
2025-09-15 16:00:00,50.286667
2025-09-15 17:00:00,-2.3766667
2025-09-15 18:00:00,-12.895833
2025-09-15 19:00:00,-19.869167
2025-09-15 20:00:00,-24.3525
2025-09-15 21:00:00,-28.735833
2025-09-15 22:00:00,-27.6675
2025-09-15 23:00:00,-23.2175
2025-09-16 00:00:00,-19.02
2025-09-16 01:00:00,-15.899167
2025-09-16 02:00:00,16.37
2025-09-16 03:00:00,145.63417
2025-09-16 04:00:00,196.4575
2025-09-16 05:00:00,126.17917
2025-09-16 06:00:00,77.3825
2025-09-16 07:00:00,77.816667
2025-09-16 08:00:00,65.334167
2025-09-16 09:00:00,63.025833
2025-09-16 10:00:00,72.04
2025-09-16 11:00:00,65.2425
2025-09-16 12:00:00,55.506667
2025-09-16 13:00:00,54.05
2025-09-16 14:00:00,53.2975
2025-09-16 15:00:00,62.34
2025-09-16 16:00:00,66.53
2025-09-16 17:00:00,43.666667
2025-09-16 18:00:00,15.369167
2025-09-16 19:00:00,68.193333
2025-09-16 20:00:00,12.126667
2025-09-16 21:00:00,-8.9208333
2025-09-16 22:00:00,10.5275
2025-09-16 23:00:00,-11.095
2025-09-17 00:00:00,19.31
2025-09-17 01:00:00,46.8125
2025-09-17 02:00:00,76.9675
2025-09-17 03:00:00,126.42667
2025-09-17 04:00:00,138.43083
2025-09-17 05:00:00,86.2975
2025-09-17 06:00:00,68.835
2025-09-17 07:00:00,64.753333
2025-09-17 08:00:00,66.786667
2025-09-17 09:00:00,58.675
2025-09-17 10:00:00,49.595
2025-09-17 11:00:00,57.606667
2025-09-17 12:00:00,53.715
2025-09-17 13:00:00,43.279167
2025-09-17 14:00:00,45.315
2025-09-17 15:00:00,68.27
2025-09-17 16:00:00,72.171667
2025-09-17 17:00:00,29.501667
2025-09-17 18:00:00,-3.5833333
2025-09-17 19:00:00,-8.6783333
2025-09-17 20:00:00,-13.579167
2025-09-17 21:00:00,-17.894167
2025-09-17 22:00:00,-18.273333
2025-09-17 23:00:00,-14.411667
2025-09-18 00:00:00,-8.2025
2025-09-18 01:00:00,2.91
2025-09-18 02:00:00,40.125833
2025-09-18 03:00:00,166.82333
2025-09-18 04:00:00,212.87583
2025-09-18 05:00:00,154.27
2025-09-18 06:00:00,219.74417
2025-09-18 07:00:00,158.435
2025-09-18 08:00:00,125.10083
2025-09-18 09:00:00,135.93833
2025-09-18 10:00:00,115.60917
2025-09-18 11:00:00,86.225833
2025-09-18 12:00:00,79.994167
2025-09-18 13:00:00,80.926667
2025-09-18 14:00:00,75.144167
2025-09-18 15:00:00,80.088333
2025-09-18 16:00:00,102.89917
2025-09-18 17:00:00,40.565833
2025-09-18 18:00:00,0.51333333
2025-09-18 19:00:00,-12.364167
2025-09-18 20:00:00,-15.530833
2025-09-18 21:00:00,-21.760833
2025-09-18 22:00:00,-22.255
2025-09-18 23:00:00,-16.018333
2025-09-19 00:00:00,-11.9125
2025-09-19 01:00:00,-3.1591667
2025-09-19 02:00:00,16.010833
2025-09-19 03:00:00,146.77833
2025-09-19 04:00:00,186.82583
2025-09-19 05:00:00,135.69083
2025-09-19 06:00:00,98.175833
2025-09-19 07:00:00,88.448333
2025-09-19 08:00:00,87.89
2025-09-19 09:00:00,97.9775
2025-09-19 10:00:00,90.065
2025-09-19 11:00:00,78.871667
2025-09-19 12:00:00,79.873333
2025-09-19 13:00:00,80.448333
2025-09-19 14:00:00,80.876667
2025-09-19 15:00:00,86.275833
2025-09-19 16:00:00,82.358333
2025-09-19 17:00:00,-2.98
2025-09-19 18:00:00,-11.2775
2025-09-19 19:00:00,-12.425
2025-09-19 20:00:00,-13.0525
2025-09-19 21:00:00,-15.663333
2025-09-19 22:00:00,-17.591667
2025-09-19 23:00:00,7.0733333
2025-09-20 00:00:00,65.185833
2025-09-20 01:00:00,64.974167
2025-09-20 02:00:00,84.11
2025-09-20 03:00:00,82.731667
2025-09-20 04:00:00,62.160833
2025-09-20 05:00:00,77.461667
2025-09-20 06:00:00,88.416667
2025-09-20 07:00:00,82.2825
2025-09-20 08:00:00,58.153333
2025-09-20 09:00:00,44.204167
2025-09-20 10:00:00,57.016667
2025-09-20 11:00:00,29.9
2025-09-20 12:00:00,13.238333
2025-09-20 13:00:00,19.32
2025-09-20 14:00:00,55.496667
2025-09-20 15:00:00,54.220833
2025-09-20 16:00:00,45.539167
2025-09-20 17:00:00,-2.7025
2025-09-20 18:00:00,-10.615833
2025-09-20 19:00:00,-15.2025
2025-09-20 20:00:00,-19.195833
2025-09-20 21:00:00,-14.631667
2025-09-20 22:00:00,-15.74
2025-09-20 23:00:00,-14.228333
2025-09-21 00:00:00,-13.450833
2025-09-21 01:00:00,-12.85
2025-09-21 02:00:00,10.5975
2025-09-21 03:00:00,75.081667
2025-09-21 04:00:00,79.1
2025-09-21 05:00:00,67.72
2025-09-21 06:00:00,68.694167
2025-09-21 07:00:00,77.235833
2025-09-21 08:00:00,76.183333
2025-09-21 09:00:00,70.963333
2025-09-21 10:00:00,61.6325
2025-09-21 11:00:00,62.885833
2025-09-21 12:00:00,78.076667
2025-09-21 13:00:00,74.21
2025-09-21 14:00:00,73.3925
2025-09-21 15:00:00,57.655
2025-09-21 16:00:00,29.224167
2025-09-21 17:00:00,-8.6316667
2025-09-21 18:00:00,-11.04
2025-09-21 19:00:00,-18.098333
2025-09-21 20:00:00,-28.9225
2025-09-21 21:00:00,-32.808333
2025-09-21 22:00:00,-32.589167
2025-09-21 23:00:00,-27.286667
2025-09-22 00:00:00,-16.89
2025-09-22 01:00:00,-12.718333
2025-09-22 02:00:00,16.468333
2025-09-22 03:00:00,78.730833
2025-09-22 04:00:00,84.625
2025-09-22 05:00:00,80.978333
2025-09-22 06:00:00,77.786667
2025-09-22 07:00:00,63.350833
2025-09-22 08:00:00,73.991667
2025-09-22 09:00:00,68.425
2025-09-22 10:00:00,60.589167
2025-09-22 11:00:00,61.004167
2025-09-22 12:00:00,58.244167
2025-09-22 13:00:00,46.939167
2025-09-22 14:00:00,63.981667
2025-09-22 15:00:00,73.1275
2025-09-22 16:00:00,73.411667
2025-09-22 17:00:00,-2.1991667
2025-09-22 18:00:00,-3.9466667
2025-09-22 19:00:00,-14.159167
2025-09-22 20:00:00,-16.069167
2025-09-22 21:00:00,-14.820833
2025-09-22 22:00:00,-13.519167
2025-09-22 23:00:00,-12.648333
2025-09-23 00:00:00,-10.9725
2025-09-23 01:00:00,-10.380833
2025-09-23 02:00:00,36.715833
2025-09-23 03:00:00,129.06167
2025-09-23 04:00:00,156.27417
2025-09-23 05:00:00,149.35833
2025-09-23 06:00:00,156.70667
2025-09-23 07:00:00,130.49083
2025-09-23 08:00:00,118.09667
2025-09-23 09:00:00,114.90333
2025-09-23 10:00:00,100.44083
2025-09-23 11:00:00,91.2725
2025-09-23 12:00:00,84.996667
2025-09-23 13:00:00,81.885
2025-09-23 14:00:00,92.936667
2025-09-23 15:00:00,116.72083
2025-09-23 16:00:00,130.48833
2025-09-23 17:00:00,5.7366667
2025-09-23 18:00:00,-3.3058333
2025-09-23 19:00:00,-13.160833
2025-09-23 20:00:00,-14.0325
2025-09-23 21:00:00,17.2225
2025-09-23 22:00:00,-14.7125
2025-09-23 23:00:00,-8.5808333
2025-09-24 00:00:00,-9.6258333
2025-09-24 01:00:00,-10.713333
2025-09-24 02:00:00,39.344167
2025-09-24 03:00:00,153.11083
2025-09-24 04:00:00,147.77833
2025-09-24 05:00:00,121.48917
2025-09-24 06:00:00,124.26083
2025-09-24 07:00:00,125.8275
2025-09-24 08:00:00,108.93083
2025-09-24 09:00:00,106.55667
2025-09-24 10:00:00,101.81083
2025-09-24 11:00:00,89.088333
2025-09-24 12:00:00,79.760833
2025-09-24 13:00:00,74.150833
2025-09-24 14:00:00,76.935833
2025-09-24 15:00:00,109.185
2025-09-24 16:00:00,114.77583
2025-09-24 17:00:00,-4.0
2025-09-24 18:00:00,-14.461667
2025-09-24 19:00:00,-9.0158333
2025-09-24 20:00:00,-18.500833
2025-09-24 21:00:00,-28.904167
2025-09-24 22:00:00,-28.28
2025-09-24 23:00:00,-27.4125
2025-09-25 00:00:00,-17.196667
2025-09-25 01:00:00,-14.1325
2025-09-25 02:00:00,46.203333
2025-09-25 03:00:00,129.33167
2025-09-25 04:00:00,150.09583
2025-09-25 05:00:00,127.53083
2025-09-25 06:00:00,121.88333
2025-09-25 07:00:00,124.42083
2025-09-25 08:00:00,105.47583
2025-09-25 09:00:00,99.3325
2025-09-25 10:00:00,86.973333
2025-09-25 11:00:00,78.5
2025-09-25 12:00:00,81.77
2025-09-25 13:00:00,75.210833
2025-09-25 14:00:00,81.876667
2025-09-25 15:00:00,89.829167
2025-09-25 16:00:00,60.83
2025-09-25 17:00:00,2.7441667
2025-09-25 18:00:00,24.2375
2025-09-25 19:00:00,-12.073333
2025-09-25 20:00:00,-20.873333
2025-09-25 21:00:00,-22.2725
2025-09-25 22:00:00,-27.085833
2025-09-25 23:00:00,-24.771667
2025-09-26 00:00:00,-4.3033333
2025-09-26 01:00:00,-12.455833
2025-09-26 02:00:00,28.006667
2025-09-26 03:00:00,104.73833
2025-09-26 04:00:00,126.18583
2025-09-26 05:00:00,122.4725
2025-09-26 06:00:00,138.60417
2025-09-26 07:00:00,114.57667
2025-09-26 08:00:00,87.2025
2025-09-26 09:00:00,88.401667
2025-09-26 10:00:00,81.328333
2025-09-26 11:00:00,71.319167
2025-09-26 12:00:00,69.896667
2025-09-26 13:00:00,74.540833
2025-09-26 14:00:00,80.845833
2025-09-26 15:00:00,120.48083
2025-09-26 16:00:00,87.504167
2025-09-26 17:00:00,-8.9533333
2025-09-26 18:00:00,-12.310833
2025-09-26 19:00:00,-16.018333
2025-09-26 20:00:00,-25.398333
2025-09-26 21:00:00,-34.554167
2025-09-26 22:00:00,-33.971667
2025-09-26 23:00:00,-28.1175
2025-09-27 00:00:00,-27.4975
2025-09-27 01:00:00,-13.02
2025-09-27 02:00:00,20.828333
2025-09-27 03:00:00,83.5475
2025-09-27 04:00:00,96.184167
2025-09-27 05:00:00,77.881667
2025-09-27 06:00:00,75.711667
2025-09-27 07:00:00,74.754167
2025-09-27 08:00:00,90.470833
2025-09-27 09:00:00,83.3525
2025-09-27 10:00:00,72.238333
2025-09-27 11:00:00,60.705833
2025-09-27 12:00:00,50.988333
2025-09-27 13:00:00,46.640833
2025-09-27 14:00:00,65.914167
2025-09-27 15:00:00,74.716667
2025-09-27 16:00:00,48.629167
2025-09-27 17:00:00,-7.3625
2025-09-27 18:00:00,-9.4416667
2025-09-27 19:00:00,-13.655
2025-09-27 20:00:00,-23.15
2025-09-27 21:00:00,-26.188333
2025-09-27 22:00:00,-23.664167
2025-09-27 23:00:00,-21.065833
2025-09-28 00:00:00,-15.7
2025-09-28 01:00:00,-7.0366667
2025-09-28 02:00:00,58.494167
2025-09-28 03:00:00,87.119167
2025-09-28 04:00:00,85.630833
2025-09-28 05:00:00,51.638333
2025-09-28 06:00:00,51.014167
2025-09-28 07:00:00,65.696667
2025-09-28 08:00:00,66.603333
2025-09-28 09:00:00,64.899167
2025-09-28 10:00:00,72.6875
2025-09-28 11:00:00,59.51
2025-09-28 12:00:00,50.255833
2025-09-28 13:00:00,68.3625
2025-09-28 14:00:00,73.846667
2025-09-28 15:00:00,81.906667
2025-09-28 16:00:00,66.7025
2025-09-28 17:00:00,6.8233333
2025-09-28 18:00:00,1.2816667
2025-09-28 19:00:00,-11.895
2025-09-28 20:00:00,-14.998333
2025-09-28 21:00:00,-14.430833
2025-09-28 22:00:00,-15.144167
2025-09-28 23:00:00,-12.8775
2025-09-29 00:00:00,1.4225
2025-09-29 01:00:00,5.1066667
2025-09-29 02:00:00,32.115
2025-09-29 03:00:00,167.585
2025-09-29 04:00:00,195.63083
2025-09-29 05:00:00,164.38417
2025-09-29 06:00:00,167.4325
2025-09-29 07:00:00,155.30833
2025-09-29 08:00:00,140.6275
2025-09-29 09:00:00,125.51917
2025-09-29 10:00:00,103.54667
2025-09-29 11:00:00,92.246667
2025-09-29 12:00:00,94.923333
2025-09-29 13:00:00,109.0425
2025-09-29 14:00:00,117.25583
2025-09-29 15:00:00,139.7
2025-09-29 16:00:00,77.4975
2025-09-29 17:00:00,14.499167
2025-09-29 18:00:00,7.9541667
2025-09-29 19:00:00,-20.31
2025-09-29 20:00:00,-12.683333
2025-09-29 21:00:00,-11.358333
2025-09-29 22:00:00,-21.39
2025-09-29 23:00:00,-16.371667
2025-09-30 00:00:00,-12.0775
2025-09-30 01:00:00,10.178333
2025-09-30 02:00:00,80.615
2025-09-30 03:00:00,221.74
2025-09-30 04:00:00,211.46083
2025-09-30 05:00:00,160.54333
2025-09-30 06:00:00,159.47083
2025-09-30 07:00:00,148.535
2025-09-30 08:00:00,184.365
2025-09-30 09:00:00,121.63083
2025-09-30 10:00:00,108.55333
2025-09-30 11:00:00,100.87583
2025-09-30 12:00:00,98.036667
2025-09-30 13:00:00,87.864167
2025-09-30 14:00:00,83.15
2025-09-30 15:00:00,96.778333
2025-09-30 16:00:00,61.98
2025-09-30 17:00:00,15.1875
2025-09-30 18:00:00,15.648333
2025-09-30 19:00:00,-1.0691667
2025-09-30 20:00:00,-4.47
2025-09-30 21:00:00,-9.5775
2025-09-30 22:00:00,-6.0725
2025-09-30 23:00:00,-8.6475
2025-10-01 00:00:00,2.9266667
2025-10-01 01:00:00,49.265
2025-10-01 02:00:00,62.839167
2025-10-01 03:00:00,124.6
2025-10-01 04:00:00,138.27333
2025-10-01 05:00:00,121.0075
2025-10-01 06:00:00,89.533333
2025-10-01 07:00:00,84.416667
2025-10-01 08:00:00,63.930833
2025-10-01 09:00:00,57.998333
2025-10-01 10:00:00,63.745833
2025-10-01 11:00:00,65.57
2025-10-01 12:00:00,66.624167
2025-10-01 13:00:00,59.0425
2025-10-01 14:00:00,59.366667
2025-10-01 15:00:00,59.691667
2025-10-01 16:00:00,15.128333
2025-10-01 17:00:00,10.343333
2025-10-01 18:00:00,-10.3875
2025-10-01 19:00:00,-13.935
2025-10-01 20:00:00,-14.341667
2025-10-01 21:00:00,-16.535
2025-10-01 22:00:00,-16.7925
2025-10-01 23:00:00,-14.390833
2025-10-02 00:00:00,-17.201667
2025-10-02 01:00:00,-16.141667
2025-10-02 02:00:00,-5.4033333
2025-10-02 03:00:00,83.221667
2025-10-02 04:00:00,109.54083
2025-10-02 05:00:00,86.329167
2025-10-02 06:00:00,75.141667
2025-10-02 07:00:00,66.358333
2025-10-02 08:00:00,69.998333
2025-10-02 09:00:00,72.444167
2025-10-02 10:00:00,80.373333
2025-10-02 11:00:00,77.769167
2025-10-02 12:00:00,68.6
2025-10-02 13:00:00,51.2525
2025-10-02 14:00:00,43.104167
2025-10-02 15:00:00,45.648333
2025-10-02 16:00:00,-3.2541667
2025-10-02 17:00:00,-10.674167
2025-10-02 18:00:00,-12.046667
2025-10-02 19:00:00,-16.295833
2025-10-02 20:00:00,-16.94
2025-10-02 21:00:00,-14.763333
2025-10-02 22:00:00,-12.281667
2025-10-02 23:00:00,-10.6775
2025-10-03 00:00:00,17.4025
2025-10-03 01:00:00,13.03
2025-10-03 02:00:00,32.005833
2025-10-03 03:00:00,48.885
2025-10-03 04:00:00,98.725833
2025-10-03 05:00:00,85.951667
2025-10-03 06:00:00,79.441667
2025-10-03 07:00:00,68.61
2025-10-03 08:00:00,64.1075
2025-10-03 09:00:00,66.753333
2025-10-03 10:00:00,62.801667
2025-10-03 11:00:00,59.0575
2025-10-03 12:00:00,61.8
2025-10-03 13:00:00,63.406667
2025-10-03 14:00:00,65.536667
2025-10-03 15:00:00,66.8525
2025-10-03 16:00:00,22.62
2025-10-03 17:00:00,15.565833
2025-10-03 18:00:00,-3.7541667
2025-10-03 19:00:00,-16.473333
2025-10-03 20:00:00,-21.068333
2025-10-03 21:00:00,-22.650833
2025-10-03 22:00:00,-25.716667
2025-10-03 23:00:00,-23.673333
2025-10-04 00:00:00,-20.086667
2025-10-04 01:00:00,-10.18
2025-10-04 02:00:00,-3.7225
2025-10-04 03:00:00,103.70583
2025-10-04 04:00:00,138.52167
2025-10-04 05:00:00,150.63417
2025-10-04 06:00:00,136.2425
2025-10-04 07:00:00,120.90083
2025-10-04 08:00:00,119.19833
2025-10-04 09:00:00,115.1075
2025-10-04 10:00:00,99.225
2025-10-04 11:00:00,96.858333
2025-10-04 12:00:00,99.384167
2025-10-04 13:00:00,104.06667
2025-10-04 14:00:00,108.035
2025-10-04 15:00:00,120.35667
2025-10-04 16:00:00,48.73
2025-10-04 17:00:00,-13.733333
2025-10-04 18:00:00,-12.9675
2025-10-04 19:00:00,-23.580833
2025-10-04 20:00:00,-29.5775
2025-10-04 21:00:00,-33.663333
2025-10-04 22:00:00,-34.920833
2025-10-04 23:00:00,-32.180833
2025-10-05 00:00:00,-20.085833
2025-10-05 01:00:00,-9.1358333
2025-10-05 02:00:00,36.7575
2025-10-05 03:00:00,101.4025
2025-10-05 04:00:00,135.28667
2025-10-05 05:00:00,102.59917
2025-10-05 06:00:00,79.103333
2025-10-05 07:00:00,72.913333
2025-10-05 08:00:00,75.589167
2025-10-05 09:00:00,79.1275
2025-10-05 10:00:00,83.085
2025-10-05 11:00:00,83.929167
2025-10-05 12:00:00,76.21
2025-10-05 13:00:00,71.116667
2025-10-05 14:00:00,66.370833
2025-10-05 15:00:00,63.913333
2025-10-05 16:00:00,0.0033333333
2025-10-05 17:00:00,-21.199167
2025-10-05 18:00:00,-30.915833
2025-10-05 19:00:00,-34.4825
2025-10-05 20:00:00,-32.644167
2025-10-05 21:00:00,-30.084167
2025-10-05 22:00:00,-36.029167
2025-10-05 23:00:00,-35.411667
2025-10-06 00:00:00,-20.143333
2025-10-06 01:00:00,-10.06
2025-10-06 02:00:00,15.651667
2025-10-06 03:00:00,72.401667
2025-10-06 04:00:00,70.315
2025-10-06 05:00:00,65.456667
2025-10-06 06:00:00,55.991667
2025-10-06 07:00:00,61.559167
2025-10-06 08:00:00,58.170833
2025-10-06 09:00:00,45.171667
2025-10-06 10:00:00,36.4475
2025-10-06 11:00:00,35.069167
2025-10-06 12:00:00,32.0475
2025-10-06 13:00:00,34.910833
2025-10-06 14:00:00,23.03
2025-10-06 15:00:00,36.223333
2025-10-06 16:00:00,27.559167
2025-10-06 17:00:00,15.588333
2025-10-06 18:00:00,-4.7541667
2025-10-06 19:00:00,-6.9633333
2025-10-06 20:00:00,-14.76
2025-10-06 21:00:00,-21.1925
2025-10-06 22:00:00,-19.06
2025-10-06 23:00:00,-12.174167
2025-10-07 00:00:00,46.4375
2025-10-07 01:00:00,59.871667
2025-10-07 02:00:00,86.9675
2025-10-07 03:00:00,104.41833
2025-10-07 04:00:00,121.77667
2025-10-07 05:00:00,112.065
2025-10-07 06:00:00,118.49
2025-10-07 07:00:00,134.565
2025-10-07 08:00:00,142.96083
2025-10-07 09:00:00,156.78083
2025-10-07 10:00:00,164.9675
2025-10-07 11:00:00,152.73833
2025-10-07 12:00:00,126.245
2025-10-07 13:00:00,138.6425
2025-10-07 14:00:00,164.35833
2025-10-07 15:00:00,207.05583
2025-10-07 16:00:00,212.26083
2025-10-07 17:00:00,105.075
2025-10-07 18:00:00,71.820833
2025-10-07 19:00:00,65.670833
2025-10-07 20:00:00,60.390833
2025-10-07 21:00:00,36.381667
2025-10-07 22:00:00,52.608333
2025-10-07 23:00:00,57.653333
2025-10-08 00:00:00,61.868333
2025-10-08 01:00:00,74.549167
2025-10-08 02:00:00,78.489167
2025-10-08 03:00:00,111.41417
2025-10-08 04:00:00,134.9575
2025-10-08 05:00:00,138.2725
2025-10-08 06:00:00,136.36667
2025-10-08 07:00:00,162.54417
2025-10-08 08:00:00,144.26583
2025-10-08 09:00:00,115.07917
2025-10-08 10:00:00,94.465
2025-10-08 11:00:00,84.431667
2025-10-08 12:00:00,75.185
2025-10-08 13:00:00,73.729167
2025-10-08 14:00:00,87.864167
2025-10-08 15:00:00,110.66417
2025-10-08 16:00:00,98.758333
2025-10-08 17:00:00,15.839167
2025-10-08 18:00:00,-2.4441667
2025-10-08 19:00:00,-7.2916667
2025-10-08 20:00:00,-12.389167
2025-10-08 21:00:00,-18.288333
2025-10-08 22:00:00,-13.1525
2025-10-08 23:00:00,-0.17166667
2025-10-09 00:00:00,48.01
2025-10-09 01:00:00,98.085
2025-10-09 02:00:00,90.070833
2025-10-09 03:00:00,183.37833
2025-10-09 04:00:00,41.200833
2025-10-09 05:00:00,87.251667
2025-10-09 06:00:00,79.794167
2025-10-09 07:00:00,59.709167
2025-10-09 08:00:00,67.550833
2025-10-09 09:00:00,59.693333
2025-10-09 10:00:00,41.918333
2025-10-09 11:00:00,37.943333
2025-10-09 12:00:00,38.715833
2025-10-09 13:00:00,49.083333
2025-10-09 14:00:00,62.0375
2025-10-09 15:00:00,65.695833
2025-10-09 16:00:00,87.223333
2025-10-09 17:00:00,83.296667
2025-10-09 18:00:00,181.70583
2025-10-09 19:00:00,178.66
2025-10-09 20:00:00,232.55667
2025-10-09 21:00:00,111.00083
2025-10-09 22:00:00,62.918333
2025-10-09 23:00:00,133.99167
2025-10-10 00:00:00,168.395
2025-10-10 01:00:00,225.61417
2025-10-10 02:00:00,267.68667
2025-10-10 03:00:00,263.33583
2025-10-10 04:00:00,162.69667
2025-10-10 05:00:00,104.71583
2025-10-10 06:00:00,108.5075
2025-10-10 07:00:00,102.47
2025-10-10 08:00:00,95.3725
2025-10-10 09:00:00,85.039167
2025-10-10 10:00:00,93.888333
2025-10-10 11:00:00,84.536667
2025-10-10 12:00:00,70.525833
2025-10-10 13:00:00,72.158333
2025-10-10 14:00:00,83.561667
2025-10-10 15:00:00,96.2975
2025-10-10 16:00:00,50.0925
2025-10-10 17:00:00,23.355
2025-10-10 18:00:00,-7.5875
2025-10-10 19:00:00,-15.261667
2025-10-10 20:00:00,-0.1425
2025-10-10 21:00:00,2.2025
2025-10-10 22:00:00,108.17667
2025-10-10 23:00:00,9.595
2025-10-11 00:00:00,0.385
2025-10-11 01:00:00,-70.7325
2025-10-11 02:00:00,12.381667
2025-10-11 03:00:00,1981.2217
2025-10-11 04:00:00,50.814167
2025-10-11 05:00:00,111.14417
2025-10-11 06:00:00,111.65
2025-10-11 07:00:00,93.2975
2025-10-11 08:00:00,98.2725
2025-10-11 09:00:00,70.565
2025-10-11 10:00:00,75.495
2025-10-11 11:00:00,61.03
2025-10-11 12:00:00,29.920833
2025-10-11 13:00:00,36.840833
2025-10-11 14:00:00,51.360833
2025-10-11 15:00:00,56.483333
2025-10-11 16:00:00,3.925
2025-10-11 17:00:00,-10.145833
2025-10-11 18:00:00,-12.134167
2025-10-11 19:00:00,-23.115833
2025-10-11 20:00:00,-30.033333
2025-10-11 21:00:00,-34.146667
2025-10-11 22:00:00,-34.326667
2025-10-11 23:00:00,-30.663333
2025-10-12 00:00:00,-23.009167
2025-10-12 01:00:00,-17.1125
2025-10-12 02:00:00,2.3075
2025-10-12 03:00:00,74.085
2025-10-12 04:00:00,151.925
2025-10-12 05:00:00,91.445
2025-10-12 06:00:00,84.5975
2025-10-12 07:00:00,84.5775
2025-10-12 08:00:00,95.105
2025-10-12 09:00:00,86.276667
2025-10-12 10:00:00,65.838333
2025-10-12 11:00:00,67.9125
2025-10-12 12:00:00,69.923333
2025-10-12 13:00:00,67.18
2025-10-12 14:00:00,72.209167
2025-10-12 15:00:00,80.71
2025-10-12 16:00:00,22.9975
2025-10-12 17:00:00,-6.4091667
2025-10-12 18:00:00,-2.8516667
2025-10-12 19:00:00,-8.9125
2025-10-12 20:00:00,-11.205
2025-10-12 21:00:00,-12.779167
2025-10-12 22:00:00,16.090833
2025-10-12 23:00:00,42.5
2025-10-13 00:00:00,55.213333
2025-10-13 01:00:00,79.6525
2025-10-13 02:00:00,91.383333
2025-10-13 03:00:00,80.1
2025-10-13 04:00:00,117.02833
2025-10-13 05:00:00,111.3625
2025-10-13 06:00:00,109.5825
2025-10-13 07:00:00,89.221667
2025-10-13 08:00:00,99.993333
2025-10-13 09:00:00,100.8
2025-10-13 10:00:00,96.924167
2025-10-13 11:00:00,102.465
2025-10-13 12:00:00,101.67333
2025-10-13 13:00:00,113.03583
2025-10-13 14:00:00,111.95333
2025-10-13 15:00:00,176.37833
2025-10-13 16:00:00,45.715833
2025-10-13 17:00:00,-12.390833
2025-10-13 18:00:00,-10.840833
2025-10-13 19:00:00,-24.714167
2025-10-13 20:00:00,-21.661667
2025-10-13 21:00:00,-12.225833
2025-10-13 22:00:00,-12.636667
2025-10-13 23:00:00,-18.169167
2025-10-14 00:00:00,-16.115
2025-10-14 01:00:00,-12.921667
2025-10-14 02:00:00,-12.734167
2025-10-14 03:00:00,158.80667
2025-10-14 04:00:00,190.8875
2025-10-14 05:00:00,168.01917
2025-10-14 06:00:00,152.70917
2025-10-14 07:00:00,124.3675
2025-10-14 08:00:00,124.62833
2025-10-14 09:00:00,106.78333
2025-10-14 10:00:00,86.365833
2025-10-14 11:00:00,69.47
2025-10-14 12:00:00,57.749167
2025-10-14 13:00:00,60.894167
2025-10-14 14:00:00,83.494167
2025-10-14 15:00:00,114.3175
2025-10-14 16:00:00,41.8825
2025-10-14 17:00:00,-1.2883333
2025-10-14 18:00:00,-9.8666667
2025-10-14 19:00:00,-11.410833
2025-10-14 20:00:00,-18.794167
2025-10-14 21:00:00,-21.149167
2025-10-14 22:00:00,-26.745833
2025-10-14 23:00:00,-24.945
2025-10-15 00:00:00,-15.499167
2025-10-15 01:00:00,-18.985
2025-10-15 02:00:00,-13.548333
2025-10-15 03:00:00,106.79
2025-10-15 04:00:00,168.72833
2025-10-15 05:00:00,151.25667
2025-10-15 06:00:00,155.97333
2025-10-15 07:00:00,159.93
2025-10-15 08:00:00,159.55667
2025-10-15 09:00:00,178.00917
2025-10-15 10:00:00,171.90583
2025-10-15 11:00:00,158.08417
2025-10-15 12:00:00,152.43
2025-10-15 13:00:00,135.28917
2025-10-15 14:00:00,189.94333
2025-10-15 15:00:00,244.4775
2025-10-15 16:00:00,59.409167
2025-10-15 17:00:00,-1.0325
2025-10-15 18:00:00,-5.1358333
2025-10-15 19:00:00,-10.22
2025-10-15 20:00:00,-11.324167
2025-10-15 21:00:00,-14.368333
2025-10-15 22:00:00,-11.803333
2025-10-15 23:00:00,-11.590833
2025-10-16 00:00:00,-6.1258333
2025-10-16 01:00:00,17.043333
2025-10-16 02:00:00,79.660833
2025-10-16 03:00:00,215.07417
2025-10-16 04:00:00,251.79667
2025-10-16 05:00:00,218.87417
2025-10-16 06:00:00,204.22083
2025-10-16 07:00:00,156.74083
2025-10-16 08:00:00,130.06167
2025-10-16 09:00:00,101.99833
2025-10-16 10:00:00,67.253333
2025-10-16 11:00:00,63.9625
2025-10-16 12:00:00,63.445833
2025-10-16 13:00:00,64.739167
2025-10-16 14:00:00,68.06
2025-10-16 15:00:00,78.485833
2025-10-16 16:00:00,14.581667
2025-10-16 17:00:00,-1.9875
2025-10-16 18:00:00,-9.8566667
2025-10-16 19:00:00,-16.21
2025-10-16 20:00:00,-20.6775
2025-10-16 21:00:00,-19.869167
2025-10-16 22:00:00,6.1891667
2025-10-16 23:00:00,-6.2741667
2025-10-17 00:00:00,-1.1125
2025-10-17 01:00:00,12.790833
2025-10-17 02:00:00,37.331667
2025-10-17 03:00:00,116.3175
2025-10-17 04:00:00,185.97833
2025-10-17 05:00:00,166.82083
2025-10-17 06:00:00,172.74583
2025-10-17 07:00:00,116.66833
2025-10-17 08:00:00,99.044167
2025-10-17 09:00:00,83.5175
2025-10-17 10:00:00,71.973333
2025-10-17 11:00:00,56.735
2025-10-17 12:00:00,56.133333
2025-10-17 13:00:00,55.54
2025-10-17 14:00:00,60.624167
2025-10-17 15:00:00,73.985833
2025-10-17 16:00:00,43.178333
2025-10-17 17:00:00,-11.115
2025-10-17 18:00:00,158.47083
2025-10-17 19:00:00,150.63083
2025-10-17 20:00:00,-61.480833
2025-10-17 21:00:00,-20.401667
2025-10-17 22:00:00,-27.833333
2025-10-17 23:00:00,-27.4325
2025-10-18 00:00:00,687.77167
2025-10-18 01:00:00,103.105
2025-10-18 02:00:00,47.59
2025-10-18 03:00:00,89.565833
2025-10-18 04:00:00,126.5325
2025-10-18 05:00:00,119.70917
2025-10-18 06:00:00,128.52167
2025-10-18 07:00:00,121.025
2025-10-18 08:00:00,122.61167
2025-10-18 09:00:00,118.74833
2025-10-18 10:00:00,105.905
2025-10-18 11:00:00,83.535833
2025-10-18 12:00:00,78.7075
2025-10-18 13:00:00,83.931667
2025-10-18 14:00:00,84.813333
2025-10-18 15:00:00,83.993333
2025-10-18 16:00:00,33.414167
2025-10-18 17:00:00,16.9325
2025-10-18 18:00:00,21.325
2025-10-18 19:00:00,26.348333
2025-10-18 20:00:00,-12.428333
2025-10-18 21:00:00,-17.5
2025-10-18 22:00:00,-24.910833
2025-10-18 23:00:00,-21.9975
2025-10-19 00:00:00,-0.1225
2025-10-19 01:00:00,44.395833
2025-10-19 02:00:00,33.670833
2025-10-19 03:00:00,124.50167
2025-10-19 04:00:00,143.10417
2025-10-19 05:00:00,108.01
2025-10-19 06:00:00,76.139167
2025-10-19 07:00:00,57.448333
2025-10-19 08:00:00,62.834167
2025-10-19 09:00:00,57.6
2025-10-19 10:00:00,59.760833
2025-10-19 11:00:00,55.1125
2025-10-19 12:00:00,57.04
2025-10-19 13:00:00,56.253333
2025-10-19 14:00:00,56.364167
2025-10-19 15:00:00,56.0875
2025-10-19 16:00:00,-14.425
2025-10-19 17:00:00,-18.338333
2025-10-19 18:00:00,-20.458333
2025-10-19 19:00:00,-25.7925
2025-10-19 20:00:00,-25.693333
2025-10-19 21:00:00,-30.29
2025-10-19 22:00:00,-28.9975
2025-10-19 23:00:00,-18.1725
2025-10-20 00:00:00,-13.215
2025-10-20 01:00:00,8.3183333
2025-10-20 02:00:00,59.258333
2025-10-20 03:00:00,119.955
2025-10-20 04:00:00,150.14167
2025-10-20 05:00:00,127.93833
2025-10-20 06:00:00,92.520833
2025-10-20 07:00:00,105.48333
2025-10-20 08:00:00,109.4075
2025-10-20 09:00:00,87.866667
2025-10-20 10:00:00,81.090833
2025-10-20 11:00:00,74.803333
2025-10-20 12:00:00,80.374167
2025-10-20 13:00:00,80.315833
2025-10-20 14:00:00,73.8075
2025-10-20 15:00:00,95.548333
2025-10-20 16:00:00,18.253333
2025-10-20 17:00:00,-7.3058333
2025-10-20 18:00:00,2.49
2025-10-20 19:00:00,-11.576667
2025-10-20 20:00:00,-11.339167
2025-10-20 21:00:00,-5.6041667
2025-10-20 22:00:00,-13.823333
2025-10-20 23:00:00,-13.451667
2025-10-21 00:00:00,-13.3675
2025-10-21 01:00:00,-4.215
2025-10-21 02:00:00,83.6325
2025-10-21 03:00:00,196.62083
2025-10-21 04:00:00,180.93
2025-10-21 05:00:00,156.36583
2025-10-21 06:00:00,150.64
2025-10-21 07:00:00,136.04167
2025-10-21 08:00:00,130.225
2025-10-21 09:00:00,119.16667
2025-10-21 10:00:00,100.61667
2025-10-21 11:00:00,106.68667
2025-10-21 12:00:00,95.785
2025-10-21 13:00:00,98.455833
2025-10-21 14:00:00,104.62167
2025-10-21 15:00:00,130.9475
2025-10-21 16:00:00,70.835
2025-10-21 17:00:00,57.315833
2025-10-21 18:00:00,52.9625
2025-10-21 19:00:00,32.894167
2025-10-21 20:00:00,14.686667
2025-10-21 21:00:00,23.039167
2025-10-21 22:00:00,70.65
2025-10-21 23:00:00,73.471667
2025-10-22 00:00:00,86.233333
2025-10-22 01:00:00,108.56417
2025-10-22 02:00:00,120.5825
2025-10-22 03:00:00,204.07167
2025-10-22 04:00:00,216.6775
2025-10-22 05:00:00,152.04583
2025-10-22 06:00:00,93.413333
2025-10-22 07:00:00,78.57
2025-10-22 08:00:00,78.53
2025-10-22 09:00:00,63.63
2025-10-22 10:00:00,57.754167
2025-10-22 11:00:00,57.069167
2025-10-22 12:00:00,55.665833
2025-10-22 13:00:00,52.415
2025-10-22 14:00:00,57.455
2025-10-22 15:00:00,64.859167
2025-10-22 16:00:00,35.118333
2025-10-22 17:00:00,5.0216667
2025-10-22 18:00:00,-0.0083333333
2025-10-22 19:00:00,-6.4191667
2025-10-22 20:00:00,-2.4441667
2025-10-22 21:00:00,0.75333333
2025-10-22 22:00:00,54.188333
2025-10-22 23:00:00,147.045
2025-10-23 00:00:00,18.078333
2025-10-23 01:00:00,104.89417
2025-10-23 02:00:00,129.10917
2025-10-23 03:00:00,260.52333
2025-10-23 04:00:00,143.78333
2025-10-23 05:00:00,92.604167
2025-10-23 06:00:00,77.165833
2025-10-23 07:00:00,65.154167
2025-10-23 08:00:00,84.854167
2025-10-23 09:00:00,99.113333
2025-10-23 10:00:00,110.2225
2025-10-23 11:00:00,103.12833
2025-10-23 12:00:00,115.3375
2025-10-23 13:00:00,122.26667
2025-10-23 14:00:00,172.93833
2025-10-23 15:00:00,187.225
2025-10-23 16:00:00,72.55
2025-10-23 17:00:00,8.0291667
2025-10-23 18:00:00,-4.22
2025-10-23 19:00:00,11.285833
2025-10-23 20:00:00,14.248333
2025-10-23 21:00:00,15.158333
2025-10-23 22:00:00,15.040833
2025-10-23 23:00:00,12.105833
2025-10-24 00:00:00,29.1425
2025-10-24 01:00:00,99.39
2025-10-24 02:00:00,147.9375
2025-10-24 03:00:00,174.9375
2025-10-24 04:00:00,166.055
2025-10-24 05:00:00,151.56833
2025-10-24 06:00:00,137.20833
2025-10-24 07:00:00,116.72833
2025-10-24 08:00:00,131.23833
2025-10-24 09:00:00,147.30417
2025-10-24 10:00:00,142.87083
2025-10-24 11:00:00,127.85
2025-10-24 12:00:00,129.82833
2025-10-24 13:00:00,142.01167
2025-10-24 14:00:00,171.25167
2025-10-24 15:00:00,156.12583
2025-10-24 16:00:00,34.0425
2025-10-24 17:00:00,20.894167
2025-10-24 18:00:00,-5.0866667
2025-10-24 19:00:00,-4.0808333
2025-10-24 20:00:00,-7.2208333
2025-10-24 21:00:00,-11.566667
2025-10-24 22:00:00,-11.470833
2025-10-24 23:00:00,-11.383333
2025-10-25 00:00:00,-9.985
2025-10-25 01:00:00,-1.0733333
2025-10-25 02:00:00,32.9025
2025-10-25 03:00:00,119.76083
2025-10-25 04:00:00,150.2375
2025-10-25 05:00:00,151.275
2025-10-25 06:00:00,160.65583
2025-10-25 07:00:00,172.82333
2025-10-25 08:00:00,165.87917
2025-10-25 09:00:00,174.83333
2025-10-25 10:00:00,168.77417
2025-10-25 11:00:00,216.5975
2025-10-25 12:00:00,234.5825
2025-10-25 13:00:00,206.1375
2025-10-25 14:00:00,161.71167
2025-10-25 15:00:00,137.81083
2025-10-25 16:00:00,73.409167
2025-10-25 17:00:00,38.488333
2025-10-25 18:00:00,22.575833
2025-10-25 19:00:00,18.656667
2025-10-25 20:00:00,26.839167
2025-10-25 21:00:00,33.314167
2025-10-25 22:00:00,31.539167
2025-10-25 23:00:00,42.9725
2025-10-26 00:00:00,54.719167
2025-10-26 01:00:00,74.754167
2025-10-26 02:00:00,101.25583
2025-10-26 03:00:00,135.80917
2025-10-26 04:00:00,131.25667
2025-10-26 05:00:00,133.61917
2025-10-26 06:00:00,140.9975
2025-10-26 07:00:00,141.5275
2025-10-26 08:00:00,101.6475
2025-10-26 09:00:00,118.89583
2025-10-26 10:00:00,83.9675
2025-10-26 11:00:00,59.935833
2025-10-26 12:00:00,57.120833
2025-10-26 13:00:00,57.115833
2025-10-26 14:00:00,57.306667
2025-10-26 15:00:00,54.318333
2025-10-26 16:00:00,23.775833
2025-10-26 17:00:00,6.3025
2025-10-26 18:00:00,17.4
2025-10-26 19:00:00,39.210833
2025-10-26 20:00:00,67.115
2025-10-26 21:00:00,66.105833
2025-10-26 22:00:00,36.243333
2025-10-26 23:00:00,13.5075
2025-10-27 00:00:00,6.3691667
2025-10-27 01:00:00,13.955
2025-10-27 02:00:00,54.984167
2025-10-27 03:00:00,90.500833
2025-10-27 04:00:00,108.41667
2025-10-27 05:00:00,101.97417
2025-10-27 06:00:00,83.093333
2025-10-27 07:00:00,101.83333
2025-10-27 08:00:00,129.3825
2025-10-27 09:00:00,87.091667
2025-10-27 10:00:00,77.103333
2025-10-27 11:00:00,75.828333
2025-10-27 12:00:00,70.6125
2025-10-27 13:00:00,61.484167
2025-10-27 14:00:00,68.33
2025-10-27 15:00:00,77.675
2025-10-27 16:00:00,14.1525
2025-10-27 17:00:00,-7.0333333
2025-10-27 18:00:00,-11.091667
2025-10-27 19:00:00,-10.8475
2025-10-27 20:00:00,-10.451667
2025-10-27 21:00:00,-4.53
2025-10-27 22:00:00,1.49
2025-10-27 23:00:00,-3.7183333
2025-10-28 00:00:00,24.495833
2025-10-28 01:00:00,87.380833
2025-10-28 02:00:00,78.724167
2025-10-28 03:00:00,154.36583
2025-10-28 04:00:00,170.61917
2025-10-28 05:00:00,148.57
2025-10-28 06:00:00,130.82833
2025-10-28 07:00:00,97.370833
2025-10-28 08:00:00,116.26583
2025-10-28 09:00:00,113.61417
2025-10-28 10:00:00,99.975833
2025-10-28 11:00:00,107.39667
2025-10-28 12:00:00,85.020833
2025-10-28 13:00:00,78.943333
2025-10-28 14:00:00,89.5075
2025-10-28 15:00:00,138.31833
2025-10-28 16:00:00,169.785
2025-10-28 17:00:00,135.36
2025-10-28 18:00:00,84.683333
2025-10-28 19:00:00,79.52
2025-10-28 20:00:00,78.715
2025-10-28 21:00:00,139.33417
2025-10-28 22:00:00,94.17
2025-10-28 23:00:00,75.755833
2025-10-29 00:00:00,99.644167
2025-10-29 01:00:00,88.899167
2025-10-29 02:00:00,66.51
2025-10-29 03:00:00,146.74583
2025-10-29 04:00:00,176.645
2025-10-29 05:00:00,170.58167
2025-10-29 06:00:00,168.28083
2025-10-29 07:00:00,169.4575
2025-10-29 08:00:00,168.11333
2025-10-29 09:00:00,173.99833
2025-10-29 10:00:00,166.40917
2025-10-29 11:00:00,161.69417
2025-10-29 12:00:00,165.64083
2025-10-29 13:00:00,170.04583
2025-10-29 14:00:00,190.13917
2025-10-29 15:00:00,255.04083
2025-10-29 16:00:00,236.63333
2025-10-29 17:00:00,129.45167
2025-10-29 18:00:00,100.8725
2025-10-29 19:00:00,145.52417
2025-10-29 20:00:00,130.43917
2025-10-29 21:00:00,47.795
2025-10-29 22:00:00,51.604167
2025-10-29 23:00:00,45.768333
2025-10-30 00:00:00,17.4425
2025-10-30 01:00:00,35.6775
2025-10-30 02:00:00,65.664167
2025-10-30 03:00:00,238.92083
2025-10-30 04:00:00,308.90833
2025-10-30 05:00:00,246.10583
2025-10-30 06:00:00,254.19
2025-10-30 07:00:00,214.385
2025-10-30 08:00:00,232.02167
2025-10-30 09:00:00,256.97333
2025-10-30 10:00:00,196.41333
2025-10-30 11:00:00,192.13417
2025-10-30 12:00:00,184.995
2025-10-30 13:00:00,195.54667
2025-10-30 14:00:00,213.13833
2025-10-30 15:00:00,271.86667
2025-10-30 16:00:00,111.695
2025-10-30 17:00:00,-3.52
2025-10-30 18:00:00,-0.9775
2025-10-30 19:00:00,-4.4875
2025-10-30 20:00:00,0.645
2025-10-30 21:00:00,-7.5216667
2025-10-30 22:00:00,2.5575
2025-10-30 23:00:00,9.3083333
2025-10-31 00:00:00,18.951667
2025-10-31 01:00:00,43.9975
2025-10-31 02:00:00,108.935
2025-10-31 03:00:00,247.3725
2025-10-31 04:00:00,276.8875
2025-10-31 05:00:00,237.59667
2025-10-31 06:00:00,169.18833
2025-10-31 07:00:00,167.48
2025-10-31 08:00:00,150.88167
2025-10-31 09:00:00,121.63417
2025-10-31 10:00:00,114.31333
2025-10-31 11:00:00,103.26
2025-10-31 12:00:00,90.069167
2025-10-31 13:00:00,106.48667
2025-10-31 14:00:00,154.045
2025-10-31 15:00:00,227.07167
2025-10-31 16:00:00,139.575
2025-10-31 17:00:00,67.681667
2025-10-31 18:00:00,50.9975
2025-10-31 19:00:00,36.090833
2025-10-31 20:00:00,20.494167
2025-10-31 21:00:00,7.3591667
2025-10-31 22:00:00,40.165
2025-10-31 23:00:00,15.57
2025-11-01 00:00:00,164.28917
2025-11-01 01:00:00,149.765
2025-11-01 02:00:00,249.70833
2025-11-01 03:00:00,240.90167
2025-11-01 04:00:00,185.60417
2025-11-01 05:00:00,144.94583
2025-11-01 06:00:00,132.58167
2025-11-01 07:00:00,119.26667
2025-11-01 08:00:00,137.2375
2025-11-01 09:00:00,135.1525
2025-11-01 10:00:00,124.08917
2025-11-01 11:00:00,111.00333
2025-11-01 12:00:00,114.195
2025-11-01 13:00:00,99.859167
2025-11-01 14:00:00,93.8375
2025-11-01 15:00:00,104.42083
2025-11-01 16:00:00,36.4825
2025-11-01 17:00:00,33.299167
2025-11-01 18:00:00,34.15
2025-11-01 19:00:00,9.7275
2025-11-01 20:00:00,32.736667
2025-11-01 21:00:00,1.1875
2025-11-01 22:00:00,10.788333
2025-11-01 23:00:00,44.848333
2025-11-02 00:00:00,64.544167
2025-11-02 01:00:00,-8.58
2025-11-02 02:00:00,24.313333
2025-11-02 03:00:00,99.035833
2025-11-02 04:00:00,138.64333
2025-11-02 05:00:00,118.2375
2025-11-02 06:00:00,105.00583
2025-11-02 07:00:00,104.695
2025-11-02 08:00:00,101.58
2025-11-02 09:00:00,80.4
2025-11-02 10:00:00,74.500833
2025-11-02 11:00:00,57.285
2025-11-02 12:00:00,73.055833
2025-11-02 13:00:00,81.521667
2025-11-02 14:00:00,68.5575
2025-11-02 15:00:00,41.690833
2025-11-02 16:00:00,-15.878333
2025-11-02 17:00:00,-5.29
2025-11-02 18:00:00,0.93666667
2025-11-02 19:00:00,10.39
2025-11-02 20:00:00,4.8566667
2025-11-02 21:00:00,-4.1683333
2025-11-02 22:00:00,-16.464167
2025-11-02 23:00:00,-12.998333
2025-11-03 00:00:00,-10.018333
2025-11-03 01:00:00,7.6666667
2025-11-03 02:00:00,59.911667
2025-11-03 03:00:00,190.0975
2025-11-03 04:00:00,215.73083
2025-11-03 05:00:00,169.68667
2025-11-03 06:00:00,116.48167
2025-11-03 07:00:00,124.21083
2025-11-03 08:00:00,122.77083
2025-11-03 09:00:00,119.70167
2025-11-03 10:00:00,97.739167
2025-11-03 11:00:00,106.0375
2025-11-03 12:00:00,94.744167
2025-11-03 13:00:00,90.104167
2025-11-03 14:00:00,80.291667
2025-11-03 15:00:00,85.684167
2025-11-03 16:00:00,69.588333
2025-11-03 17:00:00,68.380833
2025-11-03 18:00:00,32.076667
2025-11-03 19:00:00,-3.8491667
2025-11-03 20:00:00,2.1858333
2025-11-03 21:00:00,13.093333
2025-11-03 22:00:00,73.505833
2025-11-03 23:00:00,52.1075
2025-11-04 00:00:00,137.48417
2025-11-04 01:00:00,149.30167
2025-11-04 02:00:00,275.06583
2025-11-04 03:00:00,246.54583
2025-11-04 04:00:00,124.96833
2025-11-04 05:00:00,122.005
2025-11-04 06:00:00,182.91667
2025-11-04 07:00:00,174.435
2025-11-04 08:00:00,139.115
2025-11-04 09:00:00,131.71083
2025-11-04 10:00:00,129.30917
2025-11-04 11:00:00,133.0425
2025-11-04 12:00:00,108.18417
2025-11-04 13:00:00,126.25667
2025-11-04 14:00:00,153.23333
2025-11-04 15:00:00,236.40417
2025-11-04 16:00:00,122.63667
2025-11-04 17:00:00,36.208333
2025-11-04 18:00:00,0.9625
2025-11-04 19:00:00,15.809167
2025-11-04 20:00:00,-10.965833
2025-11-04 21:00:00,-8.8866667
2025-11-04 22:00:00,-7.3525
2025-11-04 23:00:00,-7.8241667
2025-11-05 00:00:00,-10.088333
2025-11-05 01:00:00,-14.114167
2025-11-05 02:00:00,-11.581667
2025-11-05 03:00:00,74.003333
2025-11-05 04:00:00,121.61583
2025-11-05 05:00:00,77.909167
2025-11-05 06:00:00,76.635
2025-11-05 07:00:00,75.059167
2025-11-05 08:00:00,60.198333
2025-11-05 09:00:00,49.524167
2025-11-05 10:00:00,49.5675
2025-11-05 11:00:00,50.19
2025-11-05 12:00:00,37.394167
2025-11-05 13:00:00,37.211667
2025-11-05 14:00:00,56.785
2025-11-05 15:00:00,53.998333
2025-11-05 16:00:00,1.8325
2025-11-05 17:00:00,-8.9816667
2025-11-05 18:00:00,-12.860833
2025-11-05 19:00:00,-17.131667
2025-11-05 20:00:00,-25.618333
2025-11-05 21:00:00,-29.0525
2025-11-05 22:00:00,-30.0225
2025-11-05 23:00:00,-30.573333
2025-11-06 00:00:00,-25.844167
2025-11-06 01:00:00,-17.4375
2025-11-06 02:00:00,-7.9866667
2025-11-06 03:00:00,72.121667
2025-11-06 04:00:00,144.02167
2025-11-06 05:00:00,155.7525
2025-11-06 06:00:00,152.71833
2025-11-06 07:00:00,165.7275
2025-11-06 08:00:00,150.5075
2025-11-06 09:00:00,139.99417
2025-11-06 10:00:00,144.26167
2025-11-06 11:00:00,146.61917
2025-11-06 12:00:00,122.3025
2025-11-06 13:00:00,128.99667
2025-11-06 14:00:00,166.25167
2025-11-06 15:00:00,171.675
2025-11-06 16:00:00,22.589167
2025-11-06 17:00:00,-0.89583333
2025-11-06 18:00:00,-9.7116667
2025-11-06 19:00:00,-11.6175
2025-11-06 20:00:00,-14.118333
2025-11-06 21:00:00,-13.988333
2025-11-06 22:00:00,-12.300833
2025-11-06 23:00:00,-12.09
2025-11-07 00:00:00,-7.4125
2025-11-07 01:00:00,-5.7908333
2025-11-07 02:00:00,69.5625
2025-11-07 03:00:00,164.35083
2025-11-07 04:00:00,184.3325
2025-11-07 05:00:00,179.81833
2025-11-07 06:00:00,178.73917
2025-11-07 07:00:00,158.33917
2025-11-07 08:00:00,135.23833
2025-11-07 09:00:00,113.79417
2025-11-07 10:00:00,126.20333
2025-11-07 11:00:00,118.785
2025-11-07 12:00:00,103.68583
2025-11-07 13:00:00,85.491667
2025-11-07 14:00:00,85.260833
2025-11-07 15:00:00,100.58333
2025-11-07 16:00:00,84.098333
2025-11-07 17:00:00,45.968333
2025-11-07 18:00:00,57.631667
2025-11-07 19:00:00,0.11333333
2025-11-07 20:00:00,30.0775
2025-11-07 21:00:00,-6.12
2025-11-07 22:00:00,-15.644167
2025-11-07 23:00:00,-6.8883333
2025-11-08 00:00:00,16.683333
2025-11-08 01:00:00,100.0225
2025-11-08 02:00:00,77.015833
2025-11-08 03:00:00,133.25
2025-11-08 04:00:00,144.69917
2025-11-08 05:00:00,100.0975
2025-11-08 06:00:00,86.771667
2025-11-08 07:00:00,90.490833
2025-11-08 08:00:00,84.2875
2025-11-08 09:00:00,79.056667
2025-11-08 10:00:00,68.241667
2025-11-08 11:00:00,72.25
2025-11-08 12:00:00,58.841667
2025-11-08 13:00:00,40.550833
2025-11-08 14:00:00,53.71
2025-11-08 15:00:00,46.205
2025-11-08 16:00:00,-8.34
2025-11-08 17:00:00,25.64
2025-11-08 18:00:00,20.481667
2025-11-08 19:00:00,-17.280833
2025-11-08 20:00:00,-15.995833
2025-11-08 21:00:00,-14.108333
2025-11-08 22:00:00,-13.354167
2025-11-08 23:00:00,-18.135833
2025-11-09 00:00:00,54.1875
2025-11-09 01:00:00,140.66583
2025-11-09 02:00:00,29.8275
2025-11-09 03:00:00,64.120833
2025-11-09 04:00:00,105.39833
2025-11-09 05:00:00,93.871667
2025-11-09 06:00:00,77.923333
2025-11-09 07:00:00,69.684167
2025-11-09 08:00:00,79.8875
2025-11-09 09:00:00,75.5475
2025-11-09 10:00:00,80.879167
2025-11-09 11:00:00,80.3575
2025-11-09 12:00:00,81.404167
2025-11-09 13:00:00,84.730833
2025-11-09 14:00:00,82.009167
2025-11-09 15:00:00,69.926667
2025-11-09 16:00:00,25.184167
2025-11-09 17:00:00,33.105833
2025-11-09 18:00:00,32.841667
2025-11-09 19:00:00,20.3575
2025-11-09 20:00:00,7.6491667
2025-11-09 21:00:00,19.940833
2025-11-09 22:00:00,0.22666667
2025-11-09 23:00:00,3.9358333
2025-11-10 00:00:00,-3.77
2025-11-10 01:00:00,15.199167
2025-11-10 02:00:00,46.7875
2025-11-10 03:00:00,90.603333
2025-11-10 04:00:00,122.1425
2025-11-10 05:00:00,146.62833
2025-11-10 06:00:00,156.785
2025-11-10 07:00:00,136.15417
2025-11-10 08:00:00,146.60083
2025-11-10 09:00:00,138.24833
2025-11-10 10:00:00,131.71667
2025-11-10 11:00:00,140.00083
2025-11-10 12:00:00,139.8375
2025-11-10 13:00:00,135.89583
2025-11-10 14:00:00,160.9025
2025-11-10 15:00:00,178.355
2025-11-10 16:00:00,63.7675
2025-11-10 17:00:00,26.2125
2025-11-10 18:00:00,-8.6625
2025-11-10 19:00:00,-5.2341667
2025-11-10 20:00:00,-4.9
2025-11-10 21:00:00,-4.2058333
2025-11-10 22:00:00,-6.5016667
2025-11-10 23:00:00,-5.5041667
2025-11-11 00:00:00,-1.4091667
2025-11-11 01:00:00,18.706667
2025-11-11 02:00:00,40.5775
2025-11-11 03:00:00,84.045
2025-11-11 04:00:00,140.1225
2025-11-11 05:00:00,158.50833
2025-11-11 06:00:00,168.10667
2025-11-11 07:00:00,123.26
2025-11-11 08:00:00,130.73833
2025-11-11 09:00:00,152.02083
2025-11-11 10:00:00,97.516667
2025-11-11 11:00:00,86.701667
2025-11-11 12:00:00,79.460833
2025-11-11 13:00:00,81.088333
2025-11-11 14:00:00,85.876667
2025-11-11 15:00:00,89.76
2025-11-11 16:00:00,30.585833
2025-11-11 17:00:00,-2.3983333
2025-11-11 18:00:00,-8.3033333
2025-11-11 19:00:00,-14.660833
2025-11-11 20:00:00,-17.7
2025-11-11 21:00:00,-19.993333
2025-11-11 22:00:00,-17.079167
2025-11-11 23:00:00,-19.528333
2025-11-12 00:00:00,-12.761667
2025-11-12 01:00:00,-16.8425
2025-11-12 02:00:00,-13.93
2025-11-12 03:00:00,23.155833
2025-11-12 04:00:00,102.64917
2025-11-12 05:00:00,118.60667
2025-11-12 06:00:00,125.21583
2025-11-12 07:00:00,107.39667
2025-11-12 08:00:00,82.348333
2025-11-12 09:00:00,74.26
2025-11-12 10:00:00,72.060833
2025-11-12 11:00:00,67.1625
2025-11-12 12:00:00,65.8625
2025-11-12 13:00:00,67.146667
2025-11-12 14:00:00,109.6725
2025-11-12 15:00:00,123.4225
2025-11-12 16:00:00,-3.76
2025-11-12 17:00:00,-6.4641667
2025-11-12 18:00:00,-12.363333
2025-11-12 19:00:00,-16.346667
2025-11-12 20:00:00,-18.8225
2025-11-12 21:00:00,-22.523333
2025-11-12 22:00:00,-23.984167
2025-11-12 23:00:00,-30.315
2025-11-13 00:00:00,-25.433333
2025-11-13 01:00:00,-19.38
2025-11-13 02:00:00,-3.3566667
2025-11-13 03:00:00,38.1975
2025-11-13 04:00:00,120.20333
2025-11-13 05:00:00,137.10167
2025-11-13 06:00:00,159.52667
2025-11-13 07:00:00,136.94167
2025-11-13 08:00:00,105.39
2025-11-13 09:00:00,150.2775
2025-11-13 10:00:00,105.71333
2025-11-13 11:00:00,79.665
2025-11-13 12:00:00,79.946667
2025-11-13 13:00:00,77.0275
2025-11-13 14:00:00,75.473333
2025-11-13 15:00:00,60.218333
2025-11-13 16:00:00,-3.0033333
2025-11-13 17:00:00,-2.2
2025-11-13 18:00:00,-12.144167
2025-11-13 19:00:00,-18.409167
2025-11-13 20:00:00,-25.305833
2025-11-13 21:00:00,-30.2075
2025-11-13 22:00:00,-29.285833
2025-11-13 23:00:00,-28.0025
2025-11-14 00:00:00,-17.324167
2025-11-14 01:00:00,-3.575
2025-11-14 02:00:00,38.768333
2025-11-14 03:00:00,69.750833
2025-11-14 04:00:00,89.63
2025-11-14 05:00:00,97.38
2025-11-14 06:00:00,101.72917
2025-11-14 07:00:00,97.13
2025-11-14 08:00:00,114.65667
2025-11-14 09:00:00,102.39083
2025-11-14 10:00:00,99.4425
2025-11-14 11:00:00,98.451667
2025-11-14 12:00:00,90.620833
2025-11-14 13:00:00,104.11333
2025-11-14 14:00:00,130.18417
2025-11-14 15:00:00,138.745
2025-11-14 16:00:00,108.90083
2025-11-14 17:00:00,56.7925
2025-11-14 18:00:00,21.384167
2025-11-14 19:00:00,-6.5966667
2025-11-14 20:00:00,-14.065833
2025-11-14 21:00:00,-16.156667
2025-11-14 22:00:00,-8.7725
2025-11-14 23:00:00,-5.8166667
2025-11-15 00:00:00,-0.7075
2025-11-15 01:00:00,23.624167
2025-11-15 02:00:00,34.570833
2025-11-15 03:00:00,95.093333
2025-11-15 04:00:00,129.14167
2025-11-15 05:00:00,112.20417
2025-11-15 06:00:00,107.28917
2025-11-15 07:00:00,105.36167
2025-11-15 08:00:00,98.551667
2025-11-15 09:00:00,110.89333
2025-11-15 10:00:00,110.81917
2025-11-15 11:00:00,106.55
2025-11-15 12:00:00,107.95667
2025-11-15 13:00:00,106.025
2025-11-15 14:00:00,123.17583
2025-11-15 15:00:00,104.60667
2025-11-15 16:00:00,8.8066667
2025-11-15 17:00:00,13.554167
2025-11-15 18:00:00,13.336667
2025-11-15 19:00:00,-11.7025
2025-11-15 20:00:00,-16.2375
2025-11-15 21:00:00,-19.646667
2025-11-15 22:00:00,-13.465
2025-11-15 23:00:00,5.7233333
2025-11-16 00:00:00,91.605833
2025-11-16 01:00:00,47.860833
2025-11-16 02:00:00,72.35
2025-11-16 03:00:00,85.530833
2025-11-16 04:00:00,90.020833
2025-11-16 05:00:00,85.3775
2025-11-16 06:00:00,84.954167
2025-11-16 07:00:00,87.6275
2025-11-16 08:00:00,102.92667
2025-11-16 09:00:00,96.768333
2025-11-16 10:00:00,88.639167
2025-11-16 11:00:00,86.515
2025-11-16 12:00:00,73.246667
2025-11-16 13:00:00,72.384167
2025-11-16 14:00:00,55.7925
2025-11-16 15:00:00,58.080833
2025-11-16 16:00:00,58.820833
2025-11-16 17:00:00,42.228333
2025-11-16 18:00:00,24.3525
2025-11-16 19:00:00,-3.7625
2025-11-16 20:00:00,-15.41
2025-11-16 21:00:00,-20.27
2025-11-16 22:00:00,-24.873333
2025-11-16 23:00:00,-24.094167
2025-11-17 00:00:00,-18.366667
2025-11-17 01:00:00,6.805
2025-11-17 02:00:00,23.9225
2025-11-17 03:00:00,92.501667
2025-11-17 04:00:00,206.15
2025-11-17 05:00:00,199.90333
2025-11-17 06:00:00,89.245833
2025-11-17 07:00:00,72.319167
2025-11-17 08:00:00,74.041667
2025-11-17 09:00:00,56.9875
2025-11-17 10:00:00,57.629167
2025-11-17 11:00:00,53.2625
2025-11-17 12:00:00,55.585
2025-11-17 13:00:00,59.1175
2025-11-17 14:00:00,66.5275
2025-11-17 15:00:00,47.066667
2025-11-17 16:00:00,4.755
2025-11-17 17:00:00,-3.3066667
2025-11-17 18:00:00,-14.520833
2025-11-17 19:00:00,-12.1525
2025-11-17 20:00:00,-8.0616667
2025-11-17 21:00:00,-11.534167
2025-11-17 22:00:00,-11.511667
2025-11-17 23:00:00,-14.7825
2025-11-18 00:00:00,-12.395
2025-11-18 01:00:00,-9.0625
2025-11-18 02:00:00,2.8808333
2025-11-18 03:00:00,83.0975
2025-11-18 04:00:00,138.52
2025-11-18 05:00:00,103.715
2025-11-18 06:00:00,88.32
2025-11-18 07:00:00,77.929167
2025-11-18 08:00:00,68.5175
2025-11-18 09:00:00,78.87
2025-11-18 10:00:00,83.694167
2025-11-18 11:00:00,84.476667
2025-11-18 12:00:00,83.96
2025-11-18 13:00:00,86.746667
2025-11-18 14:00:00,98.2
2025-11-18 15:00:00,93.714167
2025-11-18 16:00:00,18.101667
2025-11-18 17:00:00,-4.6591667
2025-11-18 18:00:00,-3.1833333
2025-11-18 19:00:00,-9.45
2025-11-18 20:00:00,-11.888333
2025-11-18 21:00:00,-11.954167
2025-11-18 22:00:00,-14.35
2025-11-18 23:00:00,-13.450833
2025-11-19 00:00:00,-10.3875
2025-11-19 01:00:00,-8.4833333
2025-11-19 02:00:00,16.383333
2025-11-19 03:00:00,146.165
2025-11-19 04:00:00,172.46333
2025-11-19 05:00:00,109.53917
2025-11-19 06:00:00,94.285
2025-11-19 07:00:00,93.054167
2025-11-19 08:00:00,100.98333
2025-11-19 09:00:00,114.22333
2025-11-19 10:00:00,101.58333
2025-11-19 11:00:00,89.536667
2025-11-19 12:00:00,66.781667
2025-11-19 13:00:00,66.8025
2025-11-19 14:00:00,90.4925
2025-11-19 15:00:00,97.695
2025-11-19 16:00:00,4.6466667
2025-11-19 17:00:00,0.85583333
2025-11-19 18:00:00,-5.5166667
2025-11-19 19:00:00,-5.2275
2025-11-19 20:00:00,-16.065
2025-11-19 21:00:00,-16.736667
2025-11-19 22:00:00,-14.88
2025-11-19 23:00:00,0.48416667
2025-11-20 00:00:00,-6.2166667
2025-11-20 01:00:00,25.909167
2025-11-20 02:00:00,102.79583
2025-11-20 03:00:00,244.84083
2025-11-20 04:00:00,218.40333
2025-11-20 05:00:00,144.66
2025-11-20 06:00:00,174.28333
2025-11-20 07:00:00,130.07083
2025-11-20 08:00:00,90.384167
2025-11-20 09:00:00,89.554167
2025-11-20 10:00:00,85.760833
2025-11-20 11:00:00,87.983333
2025-11-20 12:00:00,82.858333
2025-11-20 13:00:00,87.876667
2025-11-20 14:00:00,91.374167
2025-11-20 15:00:00,98.75
2025-11-20 16:00:00,42.163333
2025-11-20 17:00:00,51.383333
2025-11-20 18:00:00,56.805
2025-11-20 19:00:00,-12.0975
2025-11-20 20:00:00,-3.24
2025-11-20 21:00:00,44.8025
2025-11-20 22:00:00,8.2983333
2025-11-20 23:00:00,1233.0692
2025-11-21 00:00:00,-10.186667
2025-11-21 01:00:00,35.636667
2025-11-21 02:00:00,56.185
2025-11-21 03:00:00,101.89583
2025-11-21 04:00:00,126.03417
2025-11-21 05:00:00,91.305
2025-11-21 06:00:00,71.894167
2025-11-21 07:00:00,72.296667
2025-11-21 08:00:00,78.646667
2025-11-21 09:00:00,57.583333
2025-11-21 10:00:00,39.553333
2025-11-21 11:00:00,39.404167
2025-11-21 12:00:00,43.435833
2025-11-21 13:00:00,54.296667
2025-11-21 14:00:00,72.0275
2025-11-21 15:00:00,67.35
2025-11-21 16:00:00,15.324167
2025-11-21 17:00:00,32.643333
2025-11-21 18:00:00,153.6275
2025-11-21 19:00:00,1162.6033
2025-11-21 20:00:00,-18.7125
2025-11-21 21:00:00,-14.005
2025-11-21 22:00:00,-11.209167
2025-11-21 23:00:00,-10.256667
2025-11-22 00:00:00,-10.143333
2025-11-22 01:00:00,21.930833
2025-11-22 02:00:00,34.46
2025-11-22 03:00:00,79.51
2025-11-22 04:00:00,81.6
2025-11-22 05:00:00,68.7125
2025-11-22 06:00:00,59.378333
2025-11-22 07:00:00,51.1725
2025-11-22 08:00:00,42.743333
2025-11-22 09:00:00,53.479167
2025-11-22 10:00:00,48.9725
2025-11-22 11:00:00,44.684167
2025-11-22 12:00:00,56.940833
2025-11-22 13:00:00,57.068333
2025-11-22 14:00:00,57.069167
2025-11-22 15:00:00,40.533333
2025-11-22 16:00:00,11.38
2025-11-22 17:00:00,35.826667
2025-11-22 18:00:00,28.429167
2025-11-22 19:00:00,27.5025
2025-11-22 20:00:00,16.525833
2025-11-22 21:00:00,33.646667
2025-11-22 22:00:00,5.3325
2025-11-22 23:00:00,9.1325
2025-11-23 00:00:00,25.631667
2025-11-23 01:00:00,55.654167
2025-11-23 02:00:00,86.183333
2025-11-23 03:00:00,121.2975
2025-11-23 04:00:00,139.23
2025-11-23 05:00:00,150.08667
2025-11-23 06:00:00,117.43667
2025-11-23 07:00:00,127.81
2025-11-23 08:00:00,118.09167
2025-11-23 09:00:00,162.89667
2025-11-23 10:00:00,131.38167
2025-11-23 11:00:00,173.42417
2025-11-23 12:00:00,187.14417
2025-11-23 13:00:00,150.97667
2025-11-23 14:00:00,225.89667
2025-11-23 15:00:00,118.88917
2025-11-23 16:00:00,55.455833
2025-11-23 17:00:00,32.2475
2025-11-23 18:00:00,4.6008333
2025-11-23 19:00:00,-9.7041667
2025-11-23 20:00:00,-15.421667
2025-11-23 21:00:00,-20.053333
2025-11-23 22:00:00,-17.955
2025-11-23 23:00:00,-17.2
2025-11-24 00:00:00,-11.089167
2025-11-24 01:00:00,15.320833
2025-11-24 02:00:00,22.9
2025-11-24 03:00:00,74.599167
2025-11-24 04:00:00,194.7975
2025-11-24 05:00:00,169.97167
2025-11-24 06:00:00,156.81417
2025-11-24 07:00:00,129.15083
2025-11-24 08:00:00,125.57917
2025-11-24 09:00:00,137.45917
2025-11-24 10:00:00,123.01417
2025-11-24 11:00:00,110.17083
2025-11-24 12:00:00,92.764167
2025-11-24 13:00:00,88.5875
2025-11-24 14:00:00,109.96917
2025-11-24 15:00:00,118.60167
2025-11-24 16:00:00,24.243333
2025-11-24 17:00:00,6.7158333
2025-11-24 18:00:00,0.39166667
2025-11-24 19:00:00,-2.75
2025-11-24 20:00:00,-6.315
2025-11-24 21:00:00,-8.5791667
2025-11-24 22:00:00,12.781667
2025-11-24 23:00:00,0.85833333
2025-11-25 00:00:00,5.02
2025-11-25 01:00:00,13.234167
2025-11-25 02:00:00,9.4058333
2025-11-25 03:00:00,104.71417
2025-11-25 04:00:00,111.6325
2025-11-25 05:00:00,106.10167
2025-11-25 06:00:00,108.24333
2025-11-25 07:00:00,81.895
2025-11-25 08:00:00,82.848333
2025-11-25 09:00:00,91.001667
2025-11-25 10:00:00,86.525833
2025-11-25 11:00:00,65.269167
2025-11-25 12:00:00,52.078333
2025-11-25 13:00:00,40.9425
2025-11-25 14:00:00,47.310833
2025-11-25 15:00:00,41.555833
2025-11-25 16:00:00,1.68
2025-11-25 17:00:00,-6.5266667
2025-11-25 18:00:00,-13.42
2025-11-25 19:00:00,-12.835
2025-11-25 20:00:00,-15.144167
2025-11-25 21:00:00,-13.6175
2025-11-25 22:00:00,2988.4075
2025-11-25 23:00:00,42.596667
2025-11-26 00:00:00,51.045
2025-11-26 01:00:00,-92.431667
2025-11-26 02:00:00,-34.6725
2025-11-26 03:00:00,120.51333
2025-11-26 04:00:00,156.45167
2025-11-26 05:00:00,146.6225
2025-11-26 06:00:00,146.5925
2025-11-26 07:00:00,146.78
2025-11-26 08:00:00,135.86167
2025-11-26 09:00:00,135.98333
2025-11-26 10:00:00,92.650833
2025-11-26 11:00:00,79.3025
2025-11-26 12:00:00,62.638333
2025-11-26 13:00:00,53.804167
2025-11-26 14:00:00,53.941667
2025-11-26 15:00:00,33.224167
2025-11-26 16:00:00,16.256667
2025-11-26 17:00:00,33.76
2025-11-26 18:00:00,-1.5816667
2025-11-26 19:00:00,3.8816667
2025-11-26 20:00:00,53.8075
2025-11-26 21:00:00,7004.5283
2025-11-26 22:00:00,-278.14167
2025-11-26 23:00:00,-51.5325
2025-11-27 00:00:00,-28.818333
2025-11-27 01:00:00,-37.1275
2025-11-27 02:00:00,-10.994167
2025-11-27 03:00:00,9.7075
2025-11-27 04:00:00,140.75417
2025-11-27 05:00:00,215.6125
2025-11-27 06:00:00,178.63833
2025-11-27 07:00:00,86.230833
2025-11-27 08:00:00,66.8975
2025-11-27 09:00:00,74.3575
2025-11-27 10:00:00,99.198333
2025-11-27 11:00:00,103.03917
2025-11-27 12:00:00,80.038333
2025-11-27 13:00:00,86.428333
2025-11-27 14:00:00,100.55
2025-11-27 15:00:00,72.903333
2025-11-27 16:00:00,14.274167
2025-11-27 17:00:00,-1.8216667
2025-11-27 18:00:00,-10.423333
2025-11-27 19:00:00,-14.339167
2025-11-27 20:00:00,-23.3175
2025-11-27 21:00:00,-26.296667
2025-11-27 22:00:00,-31.223333
2025-11-27 23:00:00,-31.171667
2025-11-28 00:00:00,-17.935833
2025-11-28 01:00:00,3.2366667
2025-11-28 02:00:00,32.096667
2025-11-28 03:00:00,96.285833
2025-11-28 04:00:00,193.13417
2025-11-28 05:00:00,170.2725
2025-11-28 06:00:00,150.02667
2025-11-28 07:00:00,137.60917
2025-11-28 08:00:00,148.40667
2025-11-28 09:00:00,157.725
2025-11-28 10:00:00,167.80333
2025-11-28 11:00:00,139.765
2025-11-28 12:00:00,133.99917
2025-11-28 13:00:00,137.48167
2025-11-28 14:00:00,187.5125
2025-11-28 15:00:00,125.41083
2025-11-28 16:00:00,14.8875
2025-11-28 17:00:00,-3.8016667
2025-11-28 18:00:00,-11.763333
2025-11-28 19:00:00,-12.774167
2025-11-28 20:00:00,-10.404167
2025-11-28 21:00:00,-9.8325
2025-11-28 22:00:00,-10.443333
2025-11-28 23:00:00,-8.115
2025-11-29 00:00:00,-1.045
2025-11-29 01:00:00,30.300833
2025-11-29 02:00:00,73.409167
2025-11-29 03:00:00,147.31583
2025-11-29 04:00:00,173.6825
2025-11-29 05:00:00,140.26667
2025-11-29 06:00:00,150.55333
2025-11-29 07:00:00,129.73083
2025-11-29 08:00:00,123.70417
2025-11-29 09:00:00,132.77167
2025-11-29 10:00:00,117.7
2025-11-29 11:00:00,104.52667
2025-11-29 12:00:00,71.363333
2025-11-29 13:00:00,64.690833
2025-11-29 14:00:00,58.660833
2025-11-29 15:00:00,57.9425
2025-11-29 16:00:00,85.0175
2025-11-29 17:00:00,73.525833
2025-11-29 18:00:00,34.5525
2025-11-29 19:00:00,-7.1625
2025-11-29 20:00:00,-16.129167
2025-11-29 21:00:00,-16.1375
2025-11-29 22:00:00,12.128333
2025-11-29 23:00:00,-21.086667
2025-11-30 00:00:00,-18.456667
2025-11-30 01:00:00,-17.164167
2025-11-30 02:00:00,-13.675833
2025-11-30 03:00:00,-11.290833
2025-11-30 04:00:00,61.211667
2025-11-30 05:00:00,96.355
2025-11-30 06:00:00,111.46
2025-11-30 07:00:00,113.11167
2025-11-30 08:00:00,128.10583
2025-11-30 09:00:00,131.98417
2025-11-30 10:00:00,104.61667
2025-11-30 11:00:00,101.3775
2025-11-30 12:00:00,105.37083
2025-11-30 13:00:00,99.579167
2025-11-30 14:00:00,94.060833
2025-11-30 15:00:00,61.416667
2025-11-30 16:00:00,6.8583333
2025-11-30 17:00:00,-9.2383333
2025-11-30 18:00:00,-18.673333
2025-11-30 19:00:00,-20.369167
2025-11-30 20:00:00,-25.190833
2025-11-30 21:00:00,-22.07
2025-11-30 22:00:00,-24.510833
2025-11-30 23:00:00,-22.145
2025-12-01 00:00:00,-13.721667
2025-12-01 01:00:00,-15.723333
2025-12-01 02:00:00,-8.7466667
2025-12-01 03:00:00,13.084167
2025-12-01 04:00:00,45.1
2025-12-01 05:00:00,78.590833
2025-12-01 06:00:00,73.796667
2025-12-01 07:00:00,75.595833
2025-12-01 08:00:00,75.685833
2025-12-01 09:00:00,69.191667
2025-12-01 10:00:00,63.936667
2025-12-01 11:00:00,54.1
2025-12-01 12:00:00,55.718333
2025-12-01 13:00:00,58.53
2025-12-01 14:00:00,66.95
2025-12-01 15:00:00,44.981667
2025-12-01 16:00:00,0.03
2025-12-01 17:00:00,-4.9225
2025-12-01 18:00:00,-13.0825
2025-12-01 19:00:00,-13.705833
2025-12-01 20:00:00,-14.135833
2025-12-01 21:00:00,-13.016667
2025-12-01 22:00:00,-15.430833
2025-12-01 23:00:00,-10.9425
2025-12-02 00:00:00,5.2216667
2025-12-02 01:00:00,1.1
2025-12-02 02:00:00,35.246667
2025-12-02 03:00:00,81.816667
2025-12-02 04:00:00,103.44583
2025-12-02 05:00:00,101.84917
2025-12-02 06:00:00,107.10833
2025-12-02 07:00:00,115.24417
2025-12-02 08:00:00,97.980833
2025-12-02 09:00:00,95.196667
2025-12-02 10:00:00,82.296667
2025-12-02 11:00:00,83.371667
2025-12-02 12:00:00,83.8525
2025-12-02 13:00:00,76.409167
2025-12-02 14:00:00,96.625
2025-12-02 15:00:00,72.028333
2025-12-02 16:00:00,-9.1891667
2025-12-02 17:00:00,-17.450833
2025-12-02 18:00:00,-25.918333
2025-12-02 19:00:00,-28.024167
2025-12-02 20:00:00,-31.351667
2025-12-02 21:00:00,-26.2
2025-12-02 22:00:00,-37.03
2025-12-02 23:00:00,-42.54
2025-12-03 00:00:00,-37.784167
2025-12-03 01:00:00,-22.013333
2025-12-03 02:00:00,-10.448333
2025-12-03 03:00:00,15.9125
2025-12-03 04:00:00,114.615
2025-12-03 05:00:00,137.505
2025-12-03 06:00:00,124.49
2025-12-03 07:00:00,125.42667
2025-12-03 08:00:00,112.75333
2025-12-03 09:00:00,107.74333
2025-12-03 10:00:00,96.580833
2025-12-03 11:00:00,85.753333
2025-12-03 12:00:00,86.67
2025-12-03 13:00:00,84.22
2025-12-03 14:00:00,79.871667
2025-12-03 15:00:00,37.680833
2025-12-03 16:00:00,-6.5983333
2025-12-03 17:00:00,-9.0175
2025-12-03 18:00:00,-18.130833
2025-12-03 19:00:00,-31.339167
2025-12-03 20:00:00,-32.9125
2025-12-03 21:00:00,-32.234167
2025-12-03 22:00:00,-32.285833
2025-12-03 23:00:00,-42.685833
2025-12-04 00:00:00,-30.345833
2025-12-04 01:00:00,-12.9275
2025-12-04 02:00:00,11.9425
2025-12-04 03:00:00,68.385833
2025-12-04 04:00:00,112.70583
2025-12-04 05:00:00,136.49167
2025-12-04 06:00:00,146.42833
2025-12-04 07:00:00,161.28833
2025-12-04 08:00:00,135.975
2025-12-04 09:00:00,127.0725
2025-12-04 10:00:00,95.963333
2025-12-04 11:00:00,85.990833
2025-12-04 12:00:00,89.455
2025-12-04 13:00:00,94.070833
2025-12-04 14:00:00,106.87917
2025-12-04 15:00:00,72.371667
2025-12-04 16:00:00,-7.8991667
2025-12-04 17:00:00,-9.2041667
2025-12-04 18:00:00,-12.444167
2025-12-04 19:00:00,-13.245833
2025-12-04 20:00:00,-14.0375
2025-12-04 21:00:00,-14.694167
2025-12-04 22:00:00,-12.961667
2025-12-04 23:00:00,-7.8516667
2025-12-05 00:00:00,-6.55
2025-12-05 01:00:00,-0.24166667
2025-12-05 02:00:00,36.771667
2025-12-05 03:00:00,111.11917
2025-12-05 04:00:00,138.75833
2025-12-05 05:00:00,148.2675
2025-12-05 06:00:00,146.80417
2025-12-05 07:00:00,126.52167
2025-12-05 08:00:00,113.38583
2025-12-05 09:00:00,127.86833
2025-12-05 10:00:00,90.775
2025-12-05 11:00:00,77.425833
2025-12-05 12:00:00,66.171667
2025-12-05 13:00:00,65.4525
2025-12-05 14:00:00,85.5575
2025-12-05 15:00:00,68.33
2025-12-05 16:00:00,-7.495
2025-12-05 17:00:00,-9.46
2025-12-05 18:00:00,-11.914167
2025-12-05 19:00:00,-12.1175
2025-12-05 20:00:00,-9.5591667
2025-12-05 21:00:00,0.0066666667
2025-12-05 22:00:00,0.1375
2025-12-05 23:00:00,-1.4508333
2025-12-06 00:00:00,0.81666667
2025-12-06 01:00:00,49.833333
2025-12-06 02:00:00,390.80333
2025-12-06 03:00:00,131.79167
2025-12-06 04:00:00,158.29
2025-12-06 05:00:00,128.02583
2025-12-06 06:00:00,119.41583
2025-12-06 07:00:00,127.81917
2025-12-06 08:00:00,147.77833
2025-12-06 09:00:00,148.20917
2025-12-06 10:00:00,95.7425
2025-12-06 11:00:00,80.4825
2025-12-06 12:00:00,76.5825
2025-12-06 13:00:00,60.165833
2025-12-06 14:00:00,68.3525
2025-12-06 15:00:00,57.105
2025-12-06 16:00:00,-6.95
2025-12-06 17:00:00,-8.6825
2025-12-06 18:00:00,-13.3175
2025-12-06 19:00:00,-17.720833
2025-12-06 20:00:00,-11.875833
2025-12-06 21:00:00,-7.6
2025-12-06 22:00:00,-3.5308333
2025-12-06 23:00:00,-5.19
2025-12-07 00:00:00,2.3808333
2025-12-07 01:00:00,25.540833
2025-12-07 02:00:00,81.556667
2025-12-07 03:00:00,180.795
2025-12-07 04:00:00,96.244167
2025-12-07 05:00:00,81.509167
2025-12-07 06:00:00,94.441667
2025-12-07 07:00:00,93.075
2025-12-07 08:00:00,83.390833
2025-12-07 09:00:00,75.515
2025-12-07 10:00:00,75.79
2025-12-07 11:00:00,79.4375
2025-12-07 12:00:00,79.789167
2025-12-07 13:00:00,78.681667
2025-12-07 14:00:00,71.765833
2025-12-07 15:00:00,58.874167
2025-12-07 16:00:00,6.0216667
2025-12-07 17:00:00,11.865
2025-12-07 18:00:00,28.311667
2025-12-07 19:00:00,10.909167
2025-12-07 20:00:00,-11.048333
2025-12-07 21:00:00,-8.7391667
2025-12-07 22:00:00,-8.0558333
2025-12-07 23:00:00,-8.2483333
2025-12-08 00:00:00,8.535
2025-12-08 01:00:00,35.0425
2025-12-08 02:00:00,48.590833
2025-12-08 03:00:00,76.4175
2025-12-08 04:00:00,93.360833
2025-12-08 05:00:00,102.37083
2025-12-08 06:00:00,93.354167
2025-12-08 07:00:00,87.108333
2025-12-08 08:00:00,85.843333
2025-12-08 09:00:00,83.396667
2025-12-08 10:00:00,85.188333
2025-12-08 11:00:00,88.615
2025-12-08 12:00:00,78.338333
2025-12-08 13:00:00,59.011667
2025-12-08 14:00:00,78.604167
2025-12-08 15:00:00,65.645833
2025-12-08 16:00:00,16.949167
2025-12-08 17:00:00,11.83
2025-12-08 18:00:00,-3.02
2025-12-08 19:00:00,-6.5941667
2025-12-08 20:00:00,-0.22833333
2025-12-08 21:00:00,2.9875
2025-12-08 22:00:00,-7.0291667
2025-12-08 23:00:00,-7.6308333
2025-12-09 00:00:00,-1.9458333
2025-12-09 01:00:00,23.1275
2025-12-09 02:00:00,25.174167
2025-12-09 03:00:00,79.58
2025-12-09 04:00:00,123.9325
2025-12-09 05:00:00,112.375
2025-12-09 06:00:00,102.37417
2025-12-09 07:00:00,88.8775
2025-12-09 08:00:00,83.608333
2025-12-09 09:00:00,89.9
2025-12-09 10:00:00,97.095833
2025-12-09 11:00:00,97.289167
2025-12-09 12:00:00,99.4775
2025-12-09 13:00:00,98.826667
2025-12-09 14:00:00,111.21833
2025-12-09 15:00:00,98.48
2025-12-09 16:00:00,28.3025
2025-12-09 17:00:00,2.8608333
2025-12-09 18:00:00,3.9
2025-12-09 19:00:00,0.28666667
2025-12-09 20:00:00,1.2566667
2025-12-09 21:00:00,1.9358333
2025-12-09 22:00:00,12.2625
2025-12-09 23:00:00,19.23
2025-12-10 00:00:00,39.528333
2025-12-10 01:00:00,54.523333
2025-12-10 02:00:00,97.556667
2025-12-10 03:00:00,154.02417
2025-12-10 04:00:00,291.1675
2025-12-10 05:00:00,124.69667
2025-12-10 06:00:00,101.42917
2025-12-10 07:00:00,121.8025
2025-12-10 08:00:00,109.21833
2025-12-10 09:00:00,97.765833
2025-12-10 10:00:00,92.08
2025-12-10 11:00:00,91.310833
2025-12-10 12:00:00,90.32
2025-12-10 13:00:00,88.853333
2025-12-10 14:00:00,94.765
2025-12-10 15:00:00,113.11583
2025-12-10 16:00:00,78.076667
2025-12-10 17:00:00,30.809167
2025-12-10 18:00:00,9.6341667
2025-12-10 19:00:00,-2.0225
2025-12-10 20:00:00,25.269167
2025-12-10 21:00:00,36.198333
2025-12-10 22:00:00,31.374167
2025-12-10 23:00:00,30.811667
2025-12-11 00:00:00,32.610833
2025-12-11 01:00:00,85.3025
2025-12-11 02:00:00,50.264167
2025-12-11 03:00:00,96.85
2025-12-11 04:00:00,167.26167
2025-12-11 05:00:00,144.9875
2025-12-11 06:00:00,118.84667
2025-12-11 07:00:00,104.22833
2025-12-11 08:00:00,118.4225
2025-12-11 09:00:00,88.776667
2025-12-11 10:00:00,76.339167
2025-12-11 11:00:00,82.66
2025-12-11 12:00:00,87.343333
2025-12-11 13:00:00,92.5525
2025-12-11 14:00:00,88.4675
2025-12-11 15:00:00,72.57
2025-12-11 16:00:00,44.715
2025-12-11 17:00:00,27.391667
2025-12-11 18:00:00,20.308333
2025-12-11 19:00:00,21.373333
2025-12-11 20:00:00,-1.4325
2025-12-11 21:00:00,15.01
2025-12-11 22:00:00,17.445833
2025-12-11 23:00:00,8.2191667
2025-12-12 00:00:00,45.776667
2025-12-12 01:00:00,38.035833
2025-12-12 02:00:00,53.725833
2025-12-12 03:00:00,62.02
2025-12-12 04:00:00,86.296667
2025-12-12 05:00:00,88.685
2025-12-12 06:00:00,88.885833
2025-12-12 07:00:00,82.1925
2025-12-12 08:00:00,85.105
2025-12-12 09:00:00,87.768333
2025-12-12 10:00:00,81.7
2025-12-12 11:00:00,86.456667
2025-12-12 12:00:00,64.895
2025-12-12 13:00:00,69.860833
2025-12-12 14:00:00,75.396667
2025-12-12 15:00:00,70.764167
2025-12-12 16:00:00,61.710833
2025-12-12 17:00:00,59.411667
2025-12-12 18:00:00,65.726667
2025-12-12 19:00:00,46.2825
2025-12-12 20:00:00,43.895
2025-12-12 21:00:00,24.250833
2025-12-12 22:00:00,41.330833
2025-12-12 23:00:00,56.0275
2025-12-13 00:00:00,52.059167
2025-12-13 01:00:00,46.1925
2025-12-13 02:00:00,35.65
2025-12-13 03:00:00,46.350833
2025-12-13 04:00:00,102.9925
2025-12-13 05:00:00,124.2125
2025-12-13 06:00:00,116.85833
2025-12-13 07:00:00,106.28917
2025-12-13 08:00:00,100.18083
2025-12-13 09:00:00,84.478333
2025-12-13 10:00:00,84.9675
2025-12-13 11:00:00,76.07
2025-12-13 12:00:00,79.9125
2025-12-13 13:00:00,84.956667
2025-12-13 14:00:00,88.565833
2025-12-13 15:00:00,86.07
2025-12-13 16:00:00,37.625
2025-12-13 17:00:00,34.065
2025-12-13 18:00:00,8.0125
2025-12-13 19:00:00,-5.4991667
2025-12-13 20:00:00,3.9116667
2025-12-13 21:00:00,-8.8791667
2025-12-13 22:00:00,-2.4975
2025-12-13 23:00:00,30.8275
2025-12-14 00:00:00,161.92333
2025-12-14 01:00:00,126.35417
2025-12-14 02:00:00,62.9725
2025-12-14 03:00:00,86.568333
2025-12-14 04:00:00,109.23333
2025-12-14 05:00:00,102.2025
2025-12-14 06:00:00,90.566667
2025-12-14 07:00:00,92.738333
2025-12-14 08:00:00,85.183333
2025-12-14 09:00:00,84.391667
2025-12-14 10:00:00,77.845
2025-12-14 11:00:00,72.190833
2025-12-14 12:00:00,67.115
2025-12-14 13:00:00,56.960833
2025-12-14 14:00:00,63.6825
2025-12-14 15:00:00,49.146667
2025-12-14 16:00:00,3.475
2025-12-14 17:00:00,-2.4775
2025-12-14 18:00:00,-5.2616667
2025-12-14 19:00:00,-5.1166667
2025-12-14 20:00:00,-8.2908333
2025-12-14 21:00:00,-14.980833
2025-12-14 22:00:00,-15.8775
2025-12-14 23:00:00,-10.3625
2025-12-15 00:00:00,-4.5641667
2025-12-15 01:00:00,21.6675
2025-12-15 02:00:00,40.680833
2025-12-15 03:00:00,88.9325
2025-12-15 04:00:00,102.55417
2025-12-15 05:00:00,117.685
2025-12-15 06:00:00,99.0325
2025-12-15 07:00:00,88.648333
2025-12-15 08:00:00,81.516667
2025-12-15 09:00:00,87.628333
2025-12-15 10:00:00,96.7325
2025-12-15 11:00:00,98.700833
2025-12-15 12:00:00,83.8125
2025-12-15 13:00:00,89.945833
2025-12-15 14:00:00,91.72
2025-12-15 15:00:00,73.145833
2025-12-15 16:00:00,42.781667
2025-12-15 17:00:00,42.625833
2025-12-15 18:00:00,26.189167
2025-12-15 19:00:00,28.878333
2025-12-15 20:00:00,30.695
2025-12-15 21:00:00,46.62
2025-12-15 22:00:00,47.735
2025-12-15 23:00:00,46.801667
2025-12-16 00:00:00,51.658333
2025-12-16 01:00:00,89.479167
2025-12-16 02:00:00,87.1525
2025-12-16 03:00:00,79.7275
2025-12-16 04:00:00,120.27083
2025-12-16 05:00:00,100.71667
2025-12-16 06:00:00,93.241667
2025-12-16 07:00:00,86.974167
2025-12-16 08:00:00,68.510833
2025-12-16 09:00:00,68.7625
2025-12-16 10:00:00,67.050833
2025-12-16 11:00:00,67.994167
2025-12-16 12:00:00,67.385833
2025-12-16 13:00:00,65.058333
2025-12-16 14:00:00,70.353333
2025-12-16 15:00:00,75.7925
2025-12-16 16:00:00,52.729167
2025-12-16 17:00:00,56.678333
2025-12-16 18:00:00,56.196667
2025-12-16 19:00:00,58.373333
2025-12-16 20:00:00,60.264167
2025-12-16 21:00:00,62.163333
2025-12-16 22:00:00,65.7625
2025-12-16 23:00:00,72.8225
2025-12-17 00:00:00,69.794167
2025-12-17 01:00:00,69.325
2025-12-17 02:00:00,49.225
2025-12-17 03:00:00,52.1325
2025-12-17 04:00:00,86.074167
2025-12-17 05:00:00,97.943333
2025-12-17 06:00:00,89.976667
2025-12-17 07:00:00,86.358333
2025-12-17 08:00:00,86.856667
2025-12-17 09:00:00,85.25
2025-12-17 10:00:00,79.975
2025-12-17 11:00:00,76.38
2025-12-17 12:00:00,73.555833
2025-12-17 13:00:00,77.024167
2025-12-17 14:00:00,80.943333
2025-12-17 15:00:00,97.390833
2025-12-17 16:00:00,48.550833
2025-12-17 17:00:00,46.055
2025-12-17 18:00:00,36.918333
2025-12-17 19:00:00,11.530833
2025-12-17 20:00:00,8.3341667
2025-12-17 21:00:00,11.965833
2025-12-17 22:00:00,25.331667
2025-12-17 23:00:00,31.878333
2025-12-18 00:00:00,41.868333
2025-12-18 01:00:00,47.119167
2025-12-18 02:00:00,53.51
2025-12-18 03:00:00,118.36333
2025-12-18 04:00:00,180.545
2025-12-18 05:00:00,225.32333
2025-12-18 06:00:00,212.78
2025-12-18 07:00:00,162.30417
2025-12-18 08:00:00,162.83083
2025-12-18 09:00:00,163.49167
2025-12-18 10:00:00,159.46667
2025-12-18 11:00:00,156.765
2025-12-18 12:00:00,136.5525
2025-12-18 13:00:00,127.6375
2025-12-18 14:00:00,133.45417
2025-12-18 15:00:00,114.56333
2025-12-18 16:00:00,-1.3975
2025-12-18 17:00:00,13.8325
2025-12-18 18:00:00,4.6208333
2025-12-18 19:00:00,-7.1708333
2025-12-18 20:00:00,-6.7316667
2025-12-18 21:00:00,2.0691667
2025-12-18 22:00:00,25.885833
2025-12-18 23:00:00,24.873333
2025-12-19 00:00:00,46.83
2025-12-19 01:00:00,150.95333
2025-12-19 02:00:00,157.05
2025-12-19 03:00:00,99.413333
2025-12-19 04:00:00,4075.8683
2025-12-19 05:00:00,1138.2683
2025-12-19 06:00:00,214.5675
2025-12-19 07:00:00,211.75917
2025-12-19 08:00:00,190.61833
2025-12-19 09:00:00,179.72
2025-12-19 10:00:00,176.24417
2025-12-19 11:00:00,138.15167
2025-12-19 12:00:00,117.60333
2025-12-19 13:00:00,99.18
2025-12-19 14:00:00,85.680833
2025-12-19 15:00:00,76.354167
2025-12-19 16:00:00,29.104167
2025-12-19 17:00:00,53.931667
2025-12-19 18:00:00,80.455
2025-12-19 19:00:00,123.48417
2025-12-19 20:00:00,271.945
2025-12-19 21:00:00,204.41917
2025-12-19 22:00:00,1261.1508
2025-12-19 23:00:00,2434.4158
2025-12-20 00:00:00,1126.8617
2025-12-20 01:00:00,104.37
2025-12-20 02:00:00,280.33
2025-12-20 03:00:00,96.995833
2025-12-20 04:00:00,149.00083
2025-12-20 05:00:00,150.63167
2025-12-20 06:00:00,138.545
2025-12-20 07:00:00,131.09667
2025-12-20 08:00:00,133.46167
2025-12-20 09:00:00,127.77417
2025-12-20 10:00:00,124.9625
2025-12-20 11:00:00,125.94
2025-12-20 12:00:00,110.19917
2025-12-20 13:00:00,102.25167
2025-12-20 14:00:00,107.13583
2025-12-20 15:00:00,119.04083
2025-12-20 16:00:00,27.8225
2025-12-20 17:00:00,28.1225
2025-12-20 18:00:00,45.995833
2025-12-20 19:00:00,42.214167
2025-12-20 20:00:00,9.1825
2025-12-20 21:00:00,47.135
2025-12-20 22:00:00,-6.0008333
2025-12-20 23:00:00,13.310833
2025-12-21 00:00:00,71.1575
2025-12-21 01:00:00,80.065
2025-12-21 02:00:00,63.734167
2025-12-21 03:00:00,177.03167
2025-12-21 04:00:00,166.12833
2025-12-21 05:00:00,151.09083
2025-12-21 06:00:00,138.79
2025-12-21 07:00:00,126.29583
2025-12-21 08:00:00,124.25917
2025-12-21 09:00:00,136.06667
2025-12-21 10:00:00,116.3575
2025-12-21 11:00:00,112.6825
2025-12-21 12:00:00,107.0975
2025-12-21 13:00:00,108.20083
2025-12-21 14:00:00,95.925
2025-12-21 15:00:00,71.625
2025-12-21 16:00:00,21.754167
2025-12-21 17:00:00,14.021667
2025-12-21 18:00:00,11.459167
2025-12-21 19:00:00,23.8075
2025-12-21 20:00:00,54.955833
2025-12-21 21:00:00,38.749167
2025-12-21 22:00:00,44.663333
2025-12-21 23:00:00,146.98333
2025-12-22 00:00:00,37.443333
2025-12-22 01:00:00,6.7475
2025-12-22 02:00:00,66.268333
2025-12-22 03:00:00,123.6675
2025-12-22 04:00:00,128.70667
2025-12-22 05:00:00,66.9
2025-12-22 06:00:00,96.1525
2025-12-22 07:00:00,92.911667
2025-12-22 08:00:00,96.525
2025-12-22 09:00:00,82.343333
2025-12-22 10:00:00,78.11
2025-12-22 11:00:00,80.688333
2025-12-22 12:00:00,87.414167
2025-12-22 13:00:00,100.52083
2025-12-22 14:00:00,126.88917
2025-12-22 15:00:00,125.53333
2025-12-22 16:00:00,98.170833
2025-12-22 17:00:00,64.564167
2025-12-22 18:00:00,63.611667
2025-12-22 19:00:00,77.289167
2025-12-22 20:00:00,-45.065
2025-12-22 21:00:00,20.334167
2025-12-22 22:00:00,-10.651667
2025-12-22 23:00:00,-6.7166667
2025-12-23 00:00:00,27.3
2025-12-23 01:00:00,45.513333
2025-12-23 02:00:00,89.165
2025-12-23 03:00:00,139.21167
2025-12-23 04:00:00,138.82167
2025-12-23 05:00:00,121.19333
2025-12-23 06:00:00,112.4625
2025-12-23 07:00:00,99.23
2025-12-23 08:00:00,116.36917
2025-12-23 09:00:00,126.77667
2025-12-23 10:00:00,135.5625
2025-12-23 11:00:00,132.61583
2025-12-23 12:00:00,129.91333
2025-12-23 13:00:00,123.19167
2025-12-23 14:00:00,111.525
2025-12-23 15:00:00,80.015833
2025-12-23 16:00:00,37.3225
2025-12-23 17:00:00,14.365833
2025-12-23 18:00:00,11.684167
2025-12-23 19:00:00,37.719167
2025-12-23 20:00:00,1.2133333
2025-12-23 21:00:00,6.6775
2025-12-23 22:00:00,17.02
2025-12-23 23:00:00,17.853333
2025-12-24 00:00:00,38.363333
2025-12-24 01:00:00,39.3925
2025-12-24 02:00:00,22.910833
2025-12-24 03:00:00,46.711667
2025-12-24 04:00:00,42.080833
2025-12-24 05:00:00,89.743333
2025-12-24 06:00:00,102.01167
2025-12-24 07:00:00,112.61417
2025-12-24 08:00:00,110.98417
2025-12-24 09:00:00,122.13333
2025-12-24 10:00:00,104.93167
2025-12-24 11:00:00,91.779167
2025-12-24 12:00:00,79.539167
2025-12-24 13:00:00,76.7525
2025-12-24 14:00:00,81.8125
2025-12-24 15:00:00,67.316667
2025-12-24 16:00:00,21.266667
2025-12-24 17:00:00,39.914167
2025-12-24 18:00:00,29.1925
2025-12-24 19:00:00,9.9991667
2025-12-24 20:00:00,-1.8075
2025-12-24 21:00:00,-3.1758333
2025-12-24 22:00:00,15.975
2025-12-24 23:00:00,10.194167
2025-12-25 00:00:00,13.475
2025-12-25 01:00:00,51.063333
2025-12-25 02:00:00,49.079167
2025-12-25 03:00:00,38.9725
2025-12-25 04:00:00,83.646667
2025-12-25 05:00:00,92.316667
2025-12-25 06:00:00,100.09417
2025-12-25 07:00:00,87.900833
2025-12-25 08:00:00,80.245833
2025-12-25 09:00:00,76.103333
2025-12-25 10:00:00,72.580833
2025-12-25 11:00:00,73.6525
2025-12-25 12:00:00,73.0525
2025-12-25 13:00:00,74.255
2025-12-25 14:00:00,76.6025
2025-12-25 15:00:00,51.815
2025-12-25 16:00:00,0.675
2025-12-25 17:00:00,-0.81666667
2025-12-25 18:00:00,-2.8891667
2025-12-25 19:00:00,-4.43
2025-12-25 20:00:00,-5.925
2025-12-25 21:00:00,-7.3275
2025-12-25 22:00:00,-11.5075
2025-12-25 23:00:00,-10.36
2025-12-26 00:00:00,-4.2491667
2025-12-26 01:00:00,23.099167
2025-12-26 02:00:00,37.203333
2025-12-26 03:00:00,29.1225
2025-12-26 04:00:00,53.969167
2025-12-26 05:00:00,62.6375
2025-12-26 06:00:00,59.903333
2025-12-26 07:00:00,57.099167
2025-12-26 08:00:00,57.226667
2025-12-26 09:00:00,58.2475
2025-12-26 10:00:00,61.1
2025-12-26 11:00:00,61.559167
2025-12-26 12:00:00,65.8025
2025-12-26 13:00:00,60.1675
2025-12-26 14:00:00,66.658333
2025-12-26 15:00:00,61.439167
2025-12-26 16:00:00,33.795833
2025-12-26 17:00:00,46.5425
2025-12-26 18:00:00,38.379167
2025-12-26 19:00:00,38.6225
2025-12-26 20:00:00,34.094167
2025-12-26 21:00:00,30.614167
2025-12-26 22:00:00,33.16
2025-12-26 23:00:00,35.489167
2025-12-27 00:00:00,26.618333
2025-12-27 01:00:00,28.229167
2025-12-27 02:00:00,12.966667
2025-12-27 03:00:00,16.154167
2025-12-27 04:00:00,28.526667
2025-12-27 05:00:00,34.069167
2025-12-27 06:00:00,35.435
2025-12-27 07:00:00,40.373333
2025-12-27 08:00:00,36.0275
2025-12-27 09:00:00,26.846667
2025-12-27 10:00:00,26.7575
2025-12-27 11:00:00,16.515
2025-12-27 12:00:00,14.610833
2025-12-27 13:00:00,12.175
2025-12-27 14:00:00,31.648333
2025-12-27 15:00:00,12.661667
2025-12-27 16:00:00,-9.1475
2025-12-27 17:00:00,-11.58
2025-12-27 18:00:00,-8.9166667
2025-12-27 19:00:00,-8.2275
2025-12-27 20:00:00,-7.7375
2025-12-27 21:00:00,-7.66
2025-12-27 22:00:00,-7.8641667
2025-12-27 23:00:00,-10.585
2025-12-28 00:00:00,-11.550833
2025-12-28 01:00:00,-0.45083333
2025-12-28 02:00:00,-6.4616667
2025-12-28 03:00:00,-0.9525
2025-12-28 04:00:00,44.651667
2025-12-28 05:00:00,36.136667
2025-12-28 06:00:00,33.385
2025-12-28 07:00:00,33.1025
2025-12-28 08:00:00,46.706667
2025-12-28 09:00:00,49.945
2025-12-28 10:00:00,52.134167
2025-12-28 11:00:00,46.903333
2025-12-28 12:00:00,36.258333
2025-12-28 13:00:00,36.218333
2025-12-28 14:00:00,36.038333
2025-12-28 15:00:00,15.240833
2025-12-28 16:00:00,-9.7433333
2025-12-28 17:00:00,-14.0725
2025-12-28 18:00:00,-13.204167
2025-12-28 19:00:00,-10.603333
2025-12-28 20:00:00,-7.9775
2025-12-28 21:00:00,-7.7116667
2025-12-28 22:00:00,-10.183333
2025-12-28 23:00:00,-15.014167
2025-12-29 00:00:00,-13.806667
2025-12-29 01:00:00,-9.3783333
2025-12-29 02:00:00,0.030833333
2025-12-29 03:00:00,18.2025
2025-12-29 04:00:00,45.616667
2025-12-29 05:00:00,55.125
2025-12-29 06:00:00,50.473333
2025-12-29 07:00:00,48.189167
2025-12-29 08:00:00,58.36
2025-12-29 09:00:00,47.34
2025-12-29 10:00:00,46.5425
2025-12-29 11:00:00,38.8075
2025-12-29 12:00:00,33.88
2025-12-29 13:00:00,48.036667
2025-12-29 14:00:00,41.073333
2025-12-29 15:00:00,28.978333
2025-12-29 16:00:00,-6.8233333
2025-12-29 17:00:00,-7.0366667
2025-12-29 18:00:00,-6.6525
2025-12-29 19:00:00,-12.118333
2025-12-29 20:00:00,-13.811667
2025-12-29 21:00:00,-13.8425
2025-12-29 22:00:00,-12.555833
2025-12-29 23:00:00,-11.018333
2025-12-30 00:00:00,-8.8716667
2025-12-30 01:00:00,-7.1741667
2025-12-30 02:00:00,-2.1883333
2025-12-30 03:00:00,45.854167
2025-12-30 04:00:00,80.83
2025-12-30 05:00:00,76.159167
2025-12-30 06:00:00,59.8175
2025-12-30 07:00:00,53.4
2025-12-30 08:00:00,52.86
2025-12-30 09:00:00,60.9925
2025-12-30 10:00:00,53.161667
2025-12-30 11:00:00,65.735
2025-12-30 12:00:00,65.845833
2025-12-30 13:00:00,69.556667
2025-12-30 14:00:00,65.435
2025-12-30 15:00:00,50.849167
2025-12-30 16:00:00,-1.3766667
2025-12-30 17:00:00,-7.2991667
2025-12-30 18:00:00,-7.8658333
2025-12-30 19:00:00,-14.110833
2025-12-30 20:00:00,-19.83
2025-12-30 21:00:00,-19.64
2025-12-30 22:00:00,-17.001667
2025-12-30 23:00:00,-13.886667
2025-12-31 00:00:00,-11.115
2025-12-31 01:00:00,-1.6091667
2025-12-31 02:00:00,12.07
2025-12-31 03:00:00,61.653333
2025-12-31 04:00:00,86.825833
2025-12-31 05:00:00,83.846667
2025-12-31 06:00:00,63.451667
2025-12-31 07:00:00,68.970833
2025-12-31 08:00:00,79.745
2025-12-31 09:00:00,107.49917
